manyID,treatyID,Title,Begin,Signature,Force,End,Formal,TreatyText,url,Dataset,Source,Health_in_scope,Health_as_primary_intent,Type,Comments
CNSWHO_1946A,CNSWHO_1946A,Constitution Of The World Health Organization (WHO),22.07.1946,22.07.1946,07.04.1948,31.12.9999,1,1,NA,GHHR,WHO,Y,Y,Health org convention,NA
NRMBRC_1947O,NRMBRC_1947O,Nuremberg Code,19.08.1947,19.08.1947,NA,31.12.9999,0,1,NA,GHHR,NA,Y,N,Rights CIL,NA
AMDRDM_1948R,AMDRDM_1948R,American Declaration Of The Rights And Duties Of Man,02.05.1948,02.05.1948,NA,31.12.9999,0,1,NA,GHHR,OAS,Y,N,Rights convention,NA
CHROAS_1948A,CHROAS_1948A,Charter Of The Organization Of American States (OAS),30.04.1948,30.04.1948,13.12.1951,31.12.9999,1,1,NA,GHHR,OAS,Y,N,Rights convention,NA
DCLRAR_1948R,DCLRAR_1948R,Declaration Of Old Age Rights,04.12.1948,04.12.1948,NA,31.12.9999,0,0,https://digitallibrary.un.org/record/210078?ln=en,WHO,UN,Y,Y,UN resolution,NA
PRVPCG_1948A,PRVPCG_1948A,Convention On The Prevention And Punishment Of The Crime Of Genocide,09.12.1948,09.12.1948,12.01.1951,31.12.9999,1,1,NA,GHHR,UN,Y,N,Rights convention,NA
UNVDHR_1948R,UNVDHR_1948R,Universal Declaration Of Human Rights,10.12.1948,10.12.1948,NA,31.12.9999,0,1,NA,GHHR,UN,Y,N,Rights convention,NA
GA04AF_1949A,GA04AF_1949A,Geneva Convention (1) For The Amelioration Of The Condition Of The Wounded And Sick In Armed Forces In The Field,12.08.1949,12.08.1949,21.10.1950,31.12.9999,1,1,NA,GHHR,UN,Y,N,IHL convention,NA
GA07FS_1949A,GA07FS_1949A,Geneva Convention (2) For The Amelioration Of The Condition Of Wounded Sick And Shipwrecked Members Of Armed Forces At Sea,12.08.1949,12.08.1949,21.10.1950,31.12.9999,1,1,NA,GHHR,UN,Y,N,IHL convention,NA
GNRTPW_1949A,GNRTPW_1949A,Geneva Convention (3) Relative To The Treatment Of Prisoners Of War,12.08.1949,12.08.1949,21.10.1950,31.12.9999,1,1,NA,GHHR,UN,Y,N,IHL convention,NA
GR04TW_1949A,GR04TW_1949A,Geneva Convention (4) Relative To The Protection Of Civilian Persons In Time Of War,12.08.1949,12.08.1949,21.10.1950,31.12.9999,1,1,NA,GHHR,UN,Y,N,IHL convention,NA
ERPSMA_1953A,ERPSMA_1953A,European Convention On Social And Medical Assistance,11.12.1953,11.12.1953,01.07.1954,31.12.9999,1,1,NA,GHHR,COE,Y,Y,Health convention,NA
ERPSMA_1953P:ERPSMA_1953A,ERPSMA_1953P:ERPSMA_1953A,Protocol To The European Convention On Social And Medical Assistance,11.12.1953,11.12.1953,01.07.1954,31.12.9999,1,1,NA,GHHR,COE,Y,Y,Health convention,NA
STMRTP_1955R,STMRTP_1955R,Standard Minimum Rules For The Treatment Of Prisoners,30.08.1955,30.08.1955,NA,31.12.9999,0,1,NA,GHHR,UN,Y,N,UN resolution,NA
WC06MT_1955A,WC06MT_1955A,Agreement On The Exchange Of War Cripples Between Member Countries Of The Council Of Europe With A View To Medical Treatment,13.12.1955,13.12.1955,01.01.1956,31.12.9999,1,1,NA,GHHR,COE,Y,N,Health convention,NA
DCLRRC_1959R:RGHTSC_1989A,DCLRRC_1959R:RGHTSC_1989A,Declaration Of The Rights Of The Child,20.11.1959,20.11.1959,NA,31.12.9999,0,1,NA,BOTH,UN,Y,N,UN resolution,NA
TI13DT_1960A,TI13DT_1960A,Agreement On The Temporary Importation Free Of Duty Of Medical Surgical And Laboratory Equipment For Use On Free Loan In Hospitals And Other Medical Institutions For Purposes Of Diagnosis Or Treatment,28.04.1960,28.04.1960,29.07.1960,31.12.9999,1,1,NA,GHHR,COE,Y,Y,Health convention,NA
WRMADH_19R,WRMADH_19R,World Medical Association Declaration Of Helsinki,1964-06,1964-06,NA,31.12.9999,0,1,NA,GHHR,WMA,Y,Y,Association declaration,NA
INEFRD_1965A,INEFRD_1965A,International Convention On The Elimination Of All Forms Of Racial Discrimination (CERD),21.12.1965,21.12.1965,04.01.1969,31.12.9999,1,1,NA,GHHR,UN,Y,N,Rights convention,NA
ICESCR_1966A,ICESCR_1966A,International Covenant On Economic Social And Cultural Rights (ICESCR),16.12.1966,16.12.1966,03.01.1976,31.12.9999,1,1,NA,GHHR,UN,Y,N,Rights convention,NA
INCCPR_1966A,INCCPR_1966A,International Covenant On Civil And Political Rights (ICCPR),16.12.1966,16.12.1966,23.03.1976,31.12.9999,1,1,NA,GHHR,UN,Y,N,Rights convention,NA
MC06SB_1969A,MC06SB_1969A,Convention Concerning Medical Care And Sickness Benefits (ILO Medical Care And Sickness Benefits Convention 1969 (No 130)),25.06.1969,25.06.1969,27.05.1972,31.12.9999,1,1,NA,GHHR,ILO,Y,Y,Labour convention,NA
UNDEHM_1974R,UNDEHM_1974R,Universal Declaration On The Eradication Of Hunger And Malnutrition,16.11.1974,16.11.1974,NA,31.12.9999,0,1,https://www.ohchr.org/en/instruments-mechanisms/instruments/universal-declaration-eradication-hunger-and-malnutrition,GHHR,UN,Y,Y,UN resolution,NA
DCLRDP_1975R,DCLRDP_1975R,Declaration On The Rights Of Disabled Persons,09.12.1975,09.12.1975,NA,31.12.9999,0,1,NA,GHHR,UN,Y,Y,UN resolution,NA
DT10DI_19R,DT10DI_19R,Declaration Of Tokyo Guidelines For Physicians Concerning Torture And Other Cruel Inhuman Or Degrading Treatment Or Punishment In Relation To Detention And Imprisonment (revised In 2006),1975-10,1975-10,NA,31.12.9999,0,1,NA,GHHR,WMA,Y,Y,Association declaration,NA
PRMTMH_1975O,PRMTMH_1975O,Promotion Of Mental Health,29.05.1975,29.05.1975,NA,31.12.9999,0,1,https://apps.who.int/iris/handle/10665/93022?show=full,WHO,WHO,Y,Y,WHO resolution,NA
PSYCFH_1976A,PSYCFH_1976A,Psychosocial Factors And Health,13.05.1976,13.05.1976,NA,31.12.9999,0,1,https://apps.who.int/iris/handle/10665/93048?show=full,WHO,WHO,Y,Y,WHO resolution,NA
AG07AC_1977P1,AG07AC_1977P1,Protocol Additional (Protocol 1) To The Geneva Conventions Of 12 August 1949 And Relating To The Protection Of Victims Of International Armed Conflicts,08.06.1977,08.06.1977,07.12.1979,31.12.9999,1,1,NA,GHHR,UN,Y,N,Rights convention,NA
AG07AC_1977P2,AG07AC_1977P2,Protocol Additional (Protocol 2) To The Geneva Conventions Of 12 August 1949 And Relating To The Protection Of Victims Of Non-International Armed Conflicts,08.06.1977,08.06.1977,07.12.1978,31.12.9999,1,1,NA,GHHR,UN,Y,N,Rights convention,NA
PW11WE_1977A,PW11WE_1977A,Convention Concerning The Protection Of Workers Against Occupational Hazards In The Working Environment Due To Air Pollution Noise And Vibration (ILO Working Environment Convention 1977 (No 148)),20.06.1977,20.06.1977,11.07.1979,31.12.9999,1,1,NA,GHHR,ILO,Y,Y,Labour convention,NA
DCLRAA_1978R,DCLRAA_1978R,Declaration Of Alma-Ata,12.09.1978,12.09.1978,NA,31.12.9999,0,1,NA,BOTH,WHO,Y,Y,WHO resolution,NA
RMTPMH_1978S,RMTPMH_1978S,Review Of The Medium-term Programme For Mental Health,24.01.1978,24.01.1978,NA,31.12.9999,0,1,https://apps.who.int/iris/handle/10665/91118?show=full,WHO,WHO,Y,Y,WHO resolution,NA
CDCLEO_1979S,CDCLEO_1979S,Code Of Conduct For Law Enforcement Officials,17.12.1979,17.12.1979,NA,31.12.9999,0,1,https://www.ohchr.org/sites/default/files/codeofconduct.pdf,GHHR,UN,Y,N,UN resolution,NA
DVPARP_1979S,DVPARP_1979S,Development Of The WHO Programme On Alcohol-related Problems,25.05.1979,25.05.1979,NA,31.12.9999,0,1,https://apps.who.int/iris/handle/10665/154503?show=full,WHO,WHO,Y,Y,WHO resolution,NA
ELMFDW_1979A,ELMFDW_1979A,Convention On The Elimination Of All Forms Of Discrimination Against Women (CEDAW),18.12.1979,18.12.1979,03.09.1981,31.12.9999,1,1,NA,GHHR,UN,Y,N,Rights convention,NA
HP07MC_1987A,HP07MC_1987A,Convention Concerning Health Protection And Medical Care For Seafarers (ILO Health Protection And Medical Care (Seafarers) Convention 1987 (No 164)),08.10.1987,08.10.1987,11.01.1991,20.08.2013,1,1,NA,GHHR,ILO,Y,Y,Labour convention,Corrected Beg year; succeeded by Maritime Labour Convention
OS06SH_1979A,OS06SH_1979A,Convention Concerning Occupational Safety And Health In Dock Work (ILO Occupational Safety And Health (Dock Work) Convention 1979 (No 152)),25.06.1979,25.06.1979,05.12.1981,31.12.9999,1,1,NA,GHHR,ILO,Y,Y,Labour convention,NA
AR08PS_1980A,AR08PS_1980A,Action In Respect Of International Conventions On Narcotic And Psychotropic Substances Abuse Of Narcotic And Psychotropic Substances,23.05.1980,23.05.1980,NA,31.12.9999,0,1,https://apps.who.int/iris/handle/10665/155552?show=full,WHO,WHO,Y,Y,WHO resolution,NA
PRMBTD_1980P,PRMBTD_1980P,Protocol On Prohibitions Or Restrictions On The Use Of Mines Booby-Traps And Other Devices,10.10.1980,10.10.1980,02.12.1983,31.12.9999,1,1,NA,GHHR,UN,Y,N,IHL convention,NA
ABCHPR_1981A,ABCHPR_1981A,African Banjul Charter On Human And Peoples Rights,27.06.1981,27.06.1981,21.10.1986,31.12.9999,1,1,NA,GHHR,AU,Y,N,Rights convention,Corrected title
AFCHPR_1981A,AFCHPR_1981A,African Charter On Human And Peoples Rights 1981,27.06.1981,27.06.1981,21.10.1986,31.12.9999,1,1,NA,GHHR,AU,Y,N,Rights convention,Corrected title
OS08WE_1981A,OS08WE_1981A,Convention Concerning Occupational Safety And Health And The Working Environment (ILO Convention Concerning Occupational Safety And Health And The Working Environment (No 155)),22.06.1981,22.06.1981,11.08.1983,31.12.9999,1,1,NA,GHHR,ILO,Y,Y,Labour convention,NA
WM04CP_198109..19R,WM04CP_198109..19R,World Medical Association Resolution On Physician Participation In Capital Punishment (revised In 2008),1981-09..1981-10,1981-09..1981-10,NA,2018-10,0,1,NA,GHHR,WMA,Y,Y,Association declaration,NA
AR05PS_1982A,AR05PS_1982A,Action In Respect Of International Conventions On Narcotic Drugs And Psychotropic Substances,22.01.1982,22.01.1982,NA,31.12.9999,0,1,https://apps.who.int/iris/handle/10665/159236?show=full,WHO,WHO,Y,Y,WHO resolution,NA
PM14TP_1982A,PM14TP_1982A,Principles Of Medical Ethics Relevant To The Role Of Health Personnel Particularly Physicians In The Protection Of Prisoners And Detainees Against Torture And Other Cruel Inhuman Or Degrading Treatment Or Punishment,18.12.1982,18.12.1982,NA,31.12.9999,0,1,https://www.ohchr.org/en/instruments-mechanisms/instruments/principles-medical-ethics-relevant-role-health-personnel,GHHR,UN,Y,Y,UN resolution,NA
TCIDTP_1984A,TCIDTP_1984A,Convention Against Torture And Other Cruel Inhuman Or Degrading Treatment Or Punishment (CAT),10.12.1984,10.12.1984,26.06.1987,31.12.9999,1,1,NA,GHHR,UN,Y,N,Rights convention,NA
INAPPT_1985A,INAPPT_1985A,Inter-American Convention To Prevent And Punish Torture,12.09.1985,12.09.1985,28.02.1987,31.12.9999,1,1,NA,GHHR,OAS,Y,N,Rights convention,NA
OCCPHS_1985A,OCCPHS_1985A,Convention Concerning Occupational Health Services (ILO No 161),25.06.1985,25.06.1985,17.02.1988,31.12.9999,1,1,NA,GHHR,ILO,Y,Y,Labour convention,NA
DCLRTD_1986R,DCLRTD_1986R,Declaration On The Right To Development,04.12.1986,04.12.1986,NA,31.12.9999,0,1,NA,GHHR,UN,Y,N,UN resolution,NA
PRMNPD_1986O,PRMNPD_1986O,Prevention Of Mental Neurological And Psychosocial Disorders,16.05.1986,16.05.1986,NA,31.12.9999,0,1,https://apps.who.int/iris/handle/10665/163186?show=full,WHO,WHO,Y,Y,WHO resolution,NA
EP05PS_1987A,EP05PS_1987A,European Convention For The Prevention Of Torture And Inhuman Or Degrading Treatment Or Punishment Strasbourg 26111987,26.11.1987,26.11.1987,01.02.1989,31.12.9999,1,1,NA,GHHR,COE,Y,N,Rights convention,NA
WRMADE_19R,WRMADE_19R,World Medical Association Declaration On Euthanasia (reaffirmed In 2005),1987-10,1987-10,NA,2019-10,0,1,NA,GHHR,WMA,Y,Y,Association declaration,NA
AA13RA_1988P04,AA13RA_1988P04,Additional Protocol To The American Convention On Human Rights In The Area Of Economic Social And Cultural Rights (Protocol Of San Salvador) ACHPR Res73(36)04 Resolution On Economic Social And Cultural Rights In Africa,17.11.1988,17.11.1988,16.11.1999,31.12.9999,1,1,NA,GHHR,OAS,Y,N,Rights convention,NA
BP04DI_1988O,BP04DI_1988O,Body Of Principles For The Protection Of All Persons Under Any Form Of Detention Or Imprisonment,09.12.1988,09.12.1988,NA,31.12.9999,0,1,NA,GHHR,UN,Y,N,Rights convention,NA
SH04HC_1988A,SH04HC_1988A,Convention Concerning Safety And Health In Construction (ILO Safety And Health In Construction Convention 1988 (No 167)),20.06.1988,20.06.1988,11.01.1991,31.12.9999,1,1,NA,GHHR,ILO,Y,Y,Labour convention,NA
CTMHWD_1989A,CTMHWD_1989A,Basel Convention On The Control Of Transboundary Movements Of Hazardous Wastes And Their Disposal,22.03.1989,22.03.1989,05.05.1992,31.12.9999,1,1,NA,GHHR,UN,Y,N,Environmental convention,NA
ERPNAD_1989A,ERPNAD_1989A,European Anti-Doping Convention,16.11.1989,16.11.1989,01.03.1990,31.12.9999,1,1,NA,GHHR,COE,Y,N,Sport convention,NA
IT06TP_1989A,IT06TP_1989A,Convention Concerning Indigenous And Tribal Peoples In Independent Countries (ILO Indigenous And Tribal Peoples Convention 1989 (No 169)),27.06.1989,27.06.1989,05.09.1991,31.12.9999,1,1,NA,GHHR,ILO,Y,N,Labour convention,NA
RGHTSC_1989A,RGHTSC_1989A,Convention On The Rights Of The Child (CRC),20.11.1989,20.11.1989,02.09.1990,31.12.9999,1,1,NA,GHHR,UN,Y,N,Rights convention,NA
AFCRWC_1990A,AFCRWC_1990A,African Charter On The Rights And Welfare Of The Child,01.07.1990,01.07.1990,29.11.1999,31.12.9999,1,1,NA,GHHR,AU,Y,N,Rights convention,NA
CG08IS_1990R15,CG08IS_1990R15,CEDAW General Recommendation No 15 Avoidance Of Discrimination Against Women In National Strategies For The Prevention And Control Of Acquired Immunodeficiency Syndrome (AIDS),02.02.1990,02.02.1990,NA,31.12.9999,0,1,NA,GHHR,UN,Y,N,Rights CIL,NA
CP04RW_1990A,CP04RW_1990A,Code Of Practice On The International Transboundary Movement Of Radioactive Waste,21.09.1990,21.09.1990,NA,31.12.9999,0,1,NA,GHHR,UN,Y,N,IAEA resolution,NA
CRCSDC_1990R,CRCSDC_1990R,Caracas Declaration,14.11.1990,14.11.1990,NA,31.12.9999,0,1,NA,GHHR,PAHO,Y,Y,PAHO resolution,NA
GRCPDF_1990R,GRCPDF_1990R,Guidelines For The Regulation Of Computerized Personal Data Files,14.12.1990,14.12.1990,NA,31.12.9999,0,1,https://digitallibrary.un.org/record/105299?ln=en,GHHR,UN,Y,N,UN resolution,NA
IP04MF_1990A,IP04MF_1990A,International Convention On The Protection Of The Rights Of All Migrant Workers And Members Of Their Families (ICRMW),18.12.1990,18.12.1990,01.07.2003,31.12.9999,1,1,NA,GHHR,UN,Y,N,Rights convention,NA
NGWINW_1990A,NGWINW_1990A,Convention Concerning Night Work (ILO Night Work Convention 1990 (No 171)),26.06.1990,26.06.1990,04.01.1995,31.12.9999,1,1,NA,GHHR,ILO,Y,N,Labour convention,NA
SFCWIC_1990A,SFCWIC_1990A,Convention Concerning Safety In The Use Of Chemicals At Work (ILO Chemicals Convention 1990 (No 170)),25.06.1990,25.06.1990,04.11.1993,31.12.9999,1,1,NA,GHHR,ILO,Y,N,Labour convention,NA
CSGCAH_1991O4,CSGCAH_1991O4,CESCR General Comment No 4 The Right To Adequate Housing,13.12.1991,13.12.1991,NA,31.12.9999,0,1,NA,GHHR,UN,Y,N,UN resolution,NA
IIPAAR_1991A,IIPAAR_1991A,Implementation Of The International Plan Of Action On Ageing And Related Activities,16.12.1991,16.12.1991,NA,31.12.9999,0,1,https://digitallibrary.un.org/record/135779?ln=en,WHO,UN,Y,N,UN resolution,NA
PP06HC_1991S,PP06HC_1991S,Principles For The Protection Of Persons With Mental Illness And The Improvement Of Mental Health Care (MI Principles),17.12.1991,17.12.1991,NA,31.12.9999,0,1,"https://www.ohchr.org/en/instruments-mechanisms/instruments/principles-protection-persons-mental-illness-and-improvement#:~:text=Principle%201,-Fundamental%20freedoms%20and&text=All%20persons%20have%20the%20right,3.",GHHR,UN,Y,Y,UN resolution,NA
UNNPOP_1991O,UNNPOP_1991O,United Nations Principles For Older Persons,16.12.1991,16.12.1991,NA,31.12.9999,0,1,https://www.ohchr.org/en/instruments-mechanisms/instruments/united-nations-principles-older-persons,GHHR,UN,Y,N,UN resolution,NA
AGENDA_1992O21,AGENDA_1992O21,Agenda 21,14.06.1992,14.06.1992,NA,31.12.9999,0,1,NA,GHHR,UN,Y,N,UN plan of action,NA
CDGRVW_1992R19,CDGRVW_1992R19,CEDAW General Recommendation No 19 Violence Against Women,30.01.1992,30.01.1992,NA,31.12.9999,0,1,https://tbinternet.ohchr.org/_layouts/15/treatybodyexternal/TBSearch.aspx?Lang=en&TreatyID=3&DocTypeID=11,GHHR,UN,Y,N,Rights CIL,NA
PRCLMA_1992R,PRCLMA_1992R,Proclamation On Ageing,16.10.1992,16.10.1992,NA,31.12.9999,0,1,https://digitallibrary.un.org/record/155060?ln=en,WHO,UN,Y,N,UN resolution,NA
RD07ED_1992R21,RD07ED_1992R21,Rio Declaration On Environment And Development And Agenda 21 Of The United Nations Conference On Environment And Development,14.06.1992,14.06.1992,NA,31.12.9999,0,1,https://www.un.org/en/conferences/environment/rio1992,GHHR,UN,Y,N,UN resolution,NA
RDCLED_1992R,RDCLED_1992R,Rio Declaration On Environment And Development,14.06.1992,14.06.1992,NA,31.12.9999,0,1,NA,GHHR,UN,Y,N,UN resolution,NA
SREOPD_1993R,SREOPD_1993R,Standard Rules On The Equalization Of Opportunities For Persons With Disabilities,20.12.1993,20.12.1993,NA,31.12.9999,0,1,NA,GHHR,UN,Y,Y,UN resolution,NA
VD06HR_1993R,VD06HR_1993R,Vienna Declaration And Programme Of Action Adopted By The World Conference On Human Rights,25.06.1993,25.06.1993,NA,31.12.9999,0,1,NA,GHHR,UN,Y,N,UN resolution,NA
CSGCPD_1994O5,CSGCPD_1994O5,CESCR General Comment No 5 Persons With Disabilities,09.12.1994,09.12.1994,NA,31.12.9999,0,1,NA,GHHR,UN,Y,Y,Rights CIL,NA
DCLEVW_1993R,DCLEVW_1993R,Declaration On The Elimination Of Violence Against Women,20.12.1993,20.12.1993,NA,31.12.9999,0,1,NA,GHHR,UN,Y,N,UN resolution,Corrected year
IA04VW_1994A,IA04VW_1994A,Inter-American Convention On The Prevention Punishment And Eradication Of Violence Against Women (Convention Of Belem Do Para),06.09.1994,06.09.1994,03.05.1995,31.12.9999,1,1,https://www.oas.org/juridico/english/treaties/a-61.html,GHHR,OAS,Y,N,Rights convention,NA
IMPLRC_1993A,IMPLRC_1993A,Implementation Of The Convention On The Rights Of The Child,10.03.1993,10.03.1993,NA,31.12.9999,0,1,https://ap.ohchr.org/documents/alldocs.aspx?doc_id=4160,WHO,UN,Y,N,UN resolution,Corrected year
NCLRSF_1994A,NCLRSF_1994A,Convention On Nuclear Safety,17.06.1994,17.06.1994,24.10.1996,31.12.9999,1,1,NA,GHHR,UN,Y,N,IAEA convention,NA
PA07WC_1994A,PA07WC_1994A,Plan Of Action For The Elimination Of Harmful Traditional Practices Affecting The Health Of Women And Children,22.07.1994,22.07.1994,NA,31.12.9999,0,1,NA,GHHR,UN,Y,Y,UN plan of action,NA
PAICPD_1994S,PAICPD_1994S,Programme Of Action Of The International Conference On Population And Development,13.09.1994,13.09.1994,NA,31.12.9999,0,1,NA,GHHR,UN,Y,N,UN plan of action,NA
WD12DT_19R,WD12DT_19R,WMA Declaration Of Hamburg Concerning Support For Medical Doctors Refusing To Participate In Or To Condone The Use Of Torture Or Other Forms Of Cruel Inhuman Or Degrading Treatment,1997-11,1997-11,NA,31.12.9999,0,1,NA,GHHR,WMA,Y,Y,Association declaration,Corrected year
BJNDPA_1995R,BJNDPA_1995R,Beijing Declaration And Platform For Action,15.09.1995,15.09.1995,NA,31.12.9999,0,1,NA,GHHR,UN,Y,N,UN resolution,NA
CD07SD_1995R,CD07SD_1995R,Copenhagen Declaration On Social Development And Programme Of Action Of The World Summit For Social Development,12.03.1995,12.03.1995,NA,31.12.9999,0,1,NA,GHHR,UN,Y,N,UN plan of action,NA
CG06OP_1995O6,CG06OP_1995O6,CESCR General Comment No 6 The Economic Social And Cultural Rights Of Older Persons,08.12.1995,08.12.1995,NA,31.12.9999,0,1,NA,GHHR,UN,Y,N,Rights CIL,NA
FRMWPM_1995A,FRMWPM_1995A,The Framework Convention For The Protection Of National Minorities 1995,01.02.1995,01.02.1995,01.02.1998,31.12.9999,1,1,NA,GHHR,COE,Y,N,Rights convention,NA
SH04HM_1995A,SH04HM_1995A,Convention Concerning Safety And Health In Mines (ILO Safety And Health In Mines Convention 1995 (No 176)),22.06.1995,22.06.1995,05.06.1998,31.12.9999,1,1,NA,GHHR,ILO,Y,Y,Labour convention,NA
ERPNSC_1996A,ERPNSC_1996A,European Social Charter (revised),03.05.1996,03.05.1996,01.07.1999,31.12.9999,1,1,NA,GHHR,COE,Y,N,Social convention,NA
HMWIHW_1996A,HMWIHW_1996A,Convention Concerning Home Work (ILO Home Work Convention 1996 (No 177)),20.06.1996,20.06.1996,22.04.2000,31.12.9999,1,1,NA,GHHR,ILO,Y,N,Labour convention,NA
ID06HS_1996R2,ID06HS_1996R2,Istanbul Declaration And The Habitat Agenda Of The 2 United Nations Conference On Human Settlements (Habitat 2),14.06.1996,14.06.1996,NA,31.12.9999,0,1,NA,GHHR,UN,Y,N,UN resolution,Corrected title
MDESPP_1996R,MDESPP_1996R,Madrid Declaration On Ethical Standards For Psychiatric Practice,25.08.1996,25.08.1996,NA,31.12.9999,0,1,NA,GHHR,WPA,Y,Y,Association declaration,NA
CDMNTH_1997R,CDMNTH_1997R,Resolution CD4015 Mental Health,26.06.1997,26.06.1997,NA,31.12.9999,0,1,https://www.paho.org/en/documents/resolution-cd4015-1997-about-mental-health,WHO,PAHO,Y,Y,WHO resolution,NA
PH09RB_1997A,PH09RB_1997A,Convention For The Protection Of Human Rights And Dignity Of The Human Being With Regard To The Application Of Biology And Medicine Convention On Human Rights And Biomedicine,04.04.1997,04.04.1997,01.12.1999,31.12.9999,1,1,NA,GHHR,COE,Y,N,Rights convention,NA
UDHGHR_1997R,UDHGHR_1997R,Universal Declaration On The Human Genome And Human Rights,11.11.1997,11.11.1997,NA,31.12.9999,0,1,NA,GHHR,UN,Y,N,UN resolution,NA
AP11HB_1998P,AP11HB_1998P,Additional Protocol To The Convention For The Protection Of Human Rights And Dignity Of The Human Being With Regard To The Application Of Biology And Medicine On The Prohibition Of Cloning Human Beings,12.01.1998,12.01.1998,01.03.2001,31.12.9999,1,1,NA,GHHR,COE,Y,N,Rights convention,NA
GDNPID_1998O,GDNPID_1998O,Guiding Principles On Internal Displacement,17.04.1998,17.04.1998,NA,31.12.9999,0,1,https://www.ohchr.org/en/special-procedures/sr-internally-displaced-persons/international-standards,GHHR,UN,Y,N,Rights CIL,NA
INGHHR_1998O,INGHHR_1998O,International Guidelines On HIVAIDS And Human Rights,1998,1998,NA,31.12.9999,0,1,NA,GHHR,UN,Y,Y,UN resolution,OHCHR document  E/CN.4/1997/37 not available online
RMSICC_1998A,RMSICC_1998A,Rome Statute Of The International Criminal Court (ICC),17.07.1998,17.07.1998,01.07.2002,31.12.9999,1,1,NA,GHHR,ICC,Y,N,Rights convention,NA
CDGRFC_1990R14,CDGRFC_1990R14,CEDAW General Recommendation No 14 Female Circumcision,03.02.1990,03.02.1990,NA,31.12.9999,0,1,NA,GHHR,UN,Y,Y,Rights CIL,Corrected year
CDWGRA_19R24,CDWGRA_19R24,CEDAW General Recommendation No 24 Article 12 Of The Convention (Women And Health),1999-08,1999-08,NA,31.12.9999,0,1,https://tbinternet.ohchr.org/_layouts/15/treatybodyexternal/TBSearch.aspx?Lang=en&TreatyID=3&DocTypeID=11,GHHR,UN,Y,Y,Rights CIL,NA
CSGCAF_1999O12,CSGCAF_1999O12,CESCR General Comment No 12 The Right To Adequate Food,12.05.1999,12.05.1999,NA,31.12.9999,0,1,NA,GHHR,UN,Y,N,Rights CIL,NA
IA04PD_1999A,IA04PD_1999A,Inter-American Convention On The Elimination Of All Forms Of Discrimination Against Persons With Disabilities,07.06.1999,07.06.1999,14.09.2001,31.12.9999,1,1,NA,GHHR,OAS,Y,Y,Rights convention,NA
PA05FI_1999S,PA05FI_1999S,Programme Of Action Of The International Conference On Population And Development (1994) Follow-up ICPD5,08.11.1999,08.11.1999,NA,31.12.9999,0,1,NA,GHHR,UN,Y,N,UN plan of action,NA
CHFREU_2007A,CHFREU_2007A,Charter Of Fundamental Rights Of The European Union,12.12.2007,12.12.2007,01.12.2009,31.12.9999,1,1,NA,GHHR,EU,Y,N,Rights convention,NA
CPNHGN_2000O5,CPNHGN_2000O5,Copenhagen Plus 5,01.07.2000,01.07.2000,NA,31.12.9999,0,1,https://research.un.org/en/docs/ga/quick/special,GHHR,UN,Y,N,UN resolution,Plus Five' refers to special session in UNGA held five years after Copenhagen Declaration
CG04SH_2000O14,CG04SH_2000O14,CESCR General Comment No 14 The Right To The Highest Attainable Standard Of Health,11.05.2000,11.05.2000,NA,31.12.9999,0,1,https://digitallibrary.un.org/record/425041?ln=en,GHHR,UN,Y,Y,Rights CIL,Corrected title
GLPCND_2000S,GLPCND_2000S,Global Strategy For The Prevention And Control Of Noncommunicable Diseases,22.03.2000,22.03.2000,NA,31.12.9999,0,1,NA,WHO,WHO,Y,Y,WHO resolution,NA
OPTNRC_2000P,OPTNRC_2000P,Optional Protocols To The Convention On The Rights Of The Child,25.05.2000,25.05.2000,12.02.2002,31.12.9999,1,1,https://www.ohchr.org/en/instruments-mechanisms/instruments/optional-protocol-convention-rights-child-involvement-children,WHO,UN,Y,N,Rights convention,EOF date for Optional Protocol to the Convention on the Rights of the Child on the involvement of children in armed conflict
CDRMNH_2001R10,CDRMNH_2001R10,Resolution CD43R10 Mental Health,27.09.2001,27.09.2001,NA,31.12.9999,0,1,https://www.paho.org/en/documents/cd43r10-2001-mental-health-resolution,WHO,PAHO,Y,Y,WHO resolution,NA
DC04GA_2001R,DC04GA_2001R,Declaration Of Commitment On HIVAIDS Global Crisis-Global Action,27.06.2001,27.06.2001,NA,31.12.9999,0,1,NA,GHHR,UN,Y,Y,UN resolution,NA
AH06HO_2002P,AH06HO_2002P,Additional Protocol To The Convention On Human Rights And Biomedicine On Transplantation Of Organs And Tissues Of Human Origin,24.01.2002,24.01.2002,2006,31.12.9999,1,1,https://rm.coe.int/1680081562,GHHR,COE,Y,Y,Rights convention,NA
CSCGCW_20O15,CSCGCW_20O15,CESCR General Comment No 15 The Right To Water,2002-11,2002-11,NA,31.12.9999,0,1,https://digitallibrary.un.org/record/486454?ln=en,GHHR,UN,Y,N,Rights CIL,NA
DPAWSC_2002R,DPAWSC_2002R,Declaration And Plan Of Action Of The World Summit For Children,10.05.2002,10.05.2002,NA,31.12.9999,0,1,https://research.un.org/en/docs/ga/quick/special,GHHR,UN,Y,N,UN resolution,NA
FLLWAA_2002O2,FLLWAA_2002O2,Follow-up To The 2 World Assembly On Ageing,18.12.2002,18.12.2002,NA,31.12.9999,0,1,https://extranet.who.int/mindbank/item/5157,WHO,WHO,Y,Y,WHO resolution,Corrected title
JD05SD_2002R,JD05SD_2002R,Johannesburg Declaration And Plan Of Implementation Of The World Summit For Sustainable Development,04.09.2002,04.09.2002,NA,31.12.9999,0,1,https://www.un.org/esa/sustdev/documents/WSSD_POI_PD/English/POI_PD.htm,GHHR,UN,Y,N,UN resolution,Added new url
MCICFD_2002R,MCICFD_2002R,Monterrey Consensus Of The International Conference On Financing For Development,22.03.2002,22.03.2002,NA,31.12.9999,0,1,NA,GHHR,UN,Y,N,UN resolution,NA
MNHRCA_2002A,MNHRCA_2002A,Mental Health Responding To The Call For Action,18.05.2002,18.05.2002,NA,31.12.9999,0,1,NA,WHO,WHO,Y,Y,WHO resolution,NA
OCCPSH_2002P15,OCCPSH_2002P15,Protocol To The Occupational Safety And Health Convention (ILO No 155),20.06.2002,20.06.2002,09.02.2005,31.12.9999,1,1,NA,GHHR,ILO,Y,N,Labour convention,NA
PD07AA_2002R2,PD07AA_2002R2,Political Declaration And Madrid International Plan Of Action On Ageing Of The 2 World Assembly On Ageing,12.04.2002,12.04.2002,NA,31.12.9999,0,1,NA,GHHR,UN,Y,Y,UN resolution,Corrected title
STRNMH_2002O,STRNMH_2002O,Strengthening Mental Health,17.01.2002,17.01.2002,NA,31.12.9999,0,1,https://extranet.who.int/mindbank/item/364,WHO,WHO,Y,Y,WHO resolution,NA
AC05WA_2003P,AC05WA_2003P,Protocol To The African Charter On Human And Peoples Rights On The Rights Of Women In Africa,11.07.2003,11.07.2003,25.11.2005,31.12.9999,1,1,NA,GHHR,AU,Y,N,Rights convention,Corrected title
CG06RC_2003A,CG06RC_2003A,CRC General Comment No 4 Adolescent Health And Development In The Context Of The Convention On The Rights Of The Child,01.07.2003,01.07.2003,NA,31.12.9999,0,1,NA,GHHR,UN,Y,Y,Rights CIL,NA
CGCHRC_2003O3,CGCHRC_2003O3,CRC General Comment No 3 HIVAIDS And The Rights Of The Child,17.03.2003,17.03.2003,NA,31.12.9999,0,1,NA,GHHR,UN,Y,Y,Rights CIL,NA
FRMWTC_2003A,FRMWTC_2003A,The WHO Framework Convention On Tobacco Control,21.05.2003,21.05.2003,27.02.2005,31.12.9999,1,1,https://fctc.who.int/publications/i/item/9241591013,WHO,WHO,Y,Y,WHO convention,NA
IW05SC_2003S21,IW05SC_2003S21,Implementation Of The World Programme Of Action Concerning Disabled Persons Towards A Society For All In The 21 Century,22.12.2003,22.12.2003,NA,31.12.9999,0,1,https://www.un.org/development/desa/disabilities/implementation-of-the-world-programme-of-action-concerning-disabled-persons-towards-a-society-for-all-in-the-twenty-first-centuryares58132.html,WHO,UN,Y,Y,UN plan of action,Corrected title
GLDPAH_2004S,GLDPAH_2004S,Global Strategy On Diet Physical Activity And Health,22.05.2004,22.05.2004,NA,31.12.9999,0,1,NA,WHO,WHO,Y,Y,WHO resolution,NA
AA09MD_2005R,AA09MD_2005R,Accelerating Achievement Of The Internationally Agreed Health-related Development Goals Including Those Contained In The Millennium Declaration,25.05.2005,25.05.2005,NA,31.12.9999,0,1,NA,WHO,WHO,Y,Y,WHO resolution,NA
AHRBBR_2005P,AHRBBR_2005P,Additional Protocol To The Convention On Human Rights And Biomedicine Concerning Biomedical Research,25.01.2005,25.01.2005,01.09.2007,31.12.9999,1,1,https://www.coe.int/en/web/conventions/full-list?module=treaty-detail&treatynum=195,GHHR,COE,Y,Y,Rights convention,NA
DSIPMR_2005O,DSIPMR_2005O,Disability Including Prevention Management And Rehabilitation,25.05.2005,25.05.2005,NA,31.12.9999,0,1,https://apps.who.int/iris/handle/10665/20373?show=full,WHO,WHO,Y,Y,WHO resolution,NA
ECBGPH_2005O,ECBGPH_2005O,Enhancing Capacity-building In Global Public Health,30.11.2005,30.11.2005,NA,31.12.9999,0,1,https://research.un.org/en/docs/ga/quick/regular/60,WHO,UN,Y,Y,WHO resolution,NA
EMRCSD_20O5,EMRCSD_20O5,EMRC52R52005 Substance Use And Dependence,2005-09,2005-09,NA,31.12.9999,0,1,https://apps.who.int/iris/handle/10665/122381?show=full,WHO,WHO,Y,Y,WHO resolution,NA
HLTPHL_2004O,HLTPHL_2004O,Health Promotion And Healthy Lifestyles,22.05.2004,22.05.2004,NA,31.12.9999,0,1,NA,WHO,WHO,Y,Y,WHO resolution,NA
INTRHR_2005R,INTRHR_2005R,International Health Regulations (2005),23.05.2005,23.05.2005,15.06.2007,31.12.9999,1,1,https://apps.who.int/iris/handle/10665/20353?show=full,WHO,WHO,Y,Y,WHO convention,NA
IPAARI_2005A,IPAARI_2005A,International Plan Of Action On Ageing Report On Implementation,14.04.2005,14.04.2005,NA,31.12.9999,0,1,https://apps.who.int/gb/ebwha/pdf_files/WHA58/A58_19-en.pdf,WHO,WHO,Y,Y,WHO resolution,NA
IW09PD_2005S,IW09PD_2005S,Implementation Of The World Programme Of Action Concerning Disabled Persons Realizing The Millennium Development Goals For Persons With Disabilities,16.12.2005,16.12.2005,NA,31.12.9999,0,1,https://www.un.org/esa/socdev/enable/impwpaac360l3.htm,WHO,UN,Y,Y,UN plan of action,NA
MH05BS_2005R,MH05BS_2005R,Mental Health Declaration For Europe Facing The Challenges Building Solutions,14.01.2005,14.01.2005,NA,31.12.9999,0,1,NA,WHO,WHO,Y,Y,WHO resolution,NA
PHPCHA_2005O,PHPCHA_2005O,Public-health Problems Caused By Harmful Use Of Alcohol,25.05.2005,25.05.2005,NA,31.12.9999,0,1,NA,WHO,WHO,Y,Y,WHO resolution,NA
STRAHA_2005A,STRAHA_2005A,Strengthening Active And Healthy Ageing,22.01.2005,22.01.2005,NA,31.12.9999,0,1,https://apps.who.int/iris/handle/10665/20248?show=full,WHO,WHO,Y,Y,WHO resolution,NA
CD12RR_2006R1,CD12RR_2006R1,Resolution CD47R1 (2006) Disability Prevention And Rehabilitation In The Context Of The Righ To The Enjoyment Of The Highest Attainable Standard Of Physical And Mental Health And Other Related Rights,25.09.2006,25.09.2006,NA,31.12.9999,0,1,https://iris.paho.org/handle/10665.2/365,WHO,PAHO,Y,Y,WHO resolution,Corrected title
EP06MR_20O6,EP06MR_20O6,EMRC53R52006 Public Health Problems Of Alcohol Consumption In The Eastern Mediterranean Region,2006-09,2006-09,NA,31.12.9999,0,1,https://apps.who.int/iris/handle/10665/122484?show=full,WHO,WHO,Y,Y,WHO resolution,NA
PF08SH_2006A,PF08SH_2006A,Convention Concerning The Promotional Framework For Occupational Safety And Health (ILO Promotional Framework For Occupational Safety And Health Convention (No 187)),15.06.2006,15.06.2006,20.02.2009,31.12.9999,1,1,https://www.ilo.org/dyn/normlex/en/f?p=NORMLEXPUB:12100:0::NO::P12100_ILO_CODE:C187,GHHR,ILO,Y,N,Labour convention,NA
RGHTPD_2006A,RGHTPD_2006A,Convention On The Rights Of Persons With Disabilities (CRPD),13.12.2006,13.12.2006,03.05.2008,31.12.9999,1,1,https://www.un.org/development/desa/disabilities/convention-on-the-rights-of-persons-with-disabilities.html,GHHR,UN,Y,Y,Rights convention,NA
IW09PD_2007S,IW09PD_2007S,Implementation Of The World Programme Of Action Concerning Disabled Persons Realizing The Millennium Development Goals For Persons With Disabilities,18.12.2007,18.12.2007,NA,31.12.9999,0,1,https://extranet.who.int/mindbank/item/357,WHO,WHO,Y,Y,UN plan of action,NA
PCNDIG_2007S,PCNDIG_2007S,Prevention And Control Of Noncommunicable Diseases Implementation Of The Global Strategy,29.01.2007,29.01.2007,NA,31.12.9999,0,1,https://apps.who.int/iris/handle/10665/22036?show=full,WHO,WHO,Y,Y,WHO resolution,NA
AAHNMA_2008R41,AAHNMA_2008R41,ACHPRRes141 (XXXXIIII)08 Resolution On Access To Health And Needed Medicines In Africa,24.11.2008,24.11.2008,NA,31.12.9999,0,1,https://www.globalhealthrights.org/instrument/achprres-141-xxxxiiii08-resolution-on-access-to-health-and-needed-medicines-in-africa-2/,GHHR,ACHPR,Y,Y,Rights CIL,NA
AH05HP_2008P,AH05HP_2008P,Additional Protocol To The Convention On Human Rights And Biomedicine Concerning Genetic Testing For Health Purposes,27.11.2008,27.11.2008,01.07.2018,31.12.9999,1,1,https://www.coe.int/en/web/conventions/full-list?module=treaty-detail&treatynum=203,GHHR,COE,Y,Y,Rights convention,NA
CSGCSS_2007O19,CSGCSS_2007O19,CESCR General Comment No 19 The Right To Social Security,23.11.2007,23.11.2007,NA,31.12.9999,0,1,https://digitallibrary.un.org/record/618890?ln=en,GHHR,UN,Y,N,Rights CIL,NA
MA04DG_2008O,MA04DG_2008O,Monitoring Of The Achievement Of The Health-related Millennium Development Goals,24.05.2008,24.05.2008,NA,31.12.9999,0,1,https://apps.who.int/iris/handle/10665/23535,WHO,WHO,Y,Y,WHO resolution,NA
PCNDIG_2008S,PCNDIG_2008S,Prevention And Control Of Noncommunicable Diseases Implementation Of The Global Strategy,24.05.2008,24.05.2008,NA,31.12.9999,0,1,https://apps.who.int/iris/handle/10665/23529?show=full,WHO,WHO,Y,Y,WHO resolution,NA
WHRDHA_2008O14,WHRDHA_2008O14,WHA614 Strategies To Reduce The Harmful Use Of Alcohol,24.05.2008,24.05.2008,NA,31.12.9999,0,1,https://apps.who.int/gb/ebwha/pdf_files/A61/A61_R4-en.pdf,WHO,WHO,Y,Y,WHO resolution,NA
CDPAMH_2009R17,CDPAMH_2009R17,Resolution CD49R17 Strategy And Plan Of Action On Mental Health,02.10.2009,02.10.2009,NA,31.12.9999,0,1,https://www.paho.org/en/documents/cd49r17-2009-strategy-and-plan-action-mental-health-resolution-0,WHO,PAHO,Y,Y,PAHO resolution,NA
CG05CR_2009O20,CG05CR_2009O20,CESCR General Comment No 20 Non-Discrimination In Economic Social And Cultural Rights,02.07.2009,02.07.2009,NA,31.12.9999,0,1,https://digitallibrary.un.org/record/659980?ln=en,GHHR,UN,Y,N,Rights CIL,NA
GDLACC_2009O,GDLACC_2009O,Guidelines For The Alternative Care Of Children,18.12.2009,18.12.2009,NA,31.12.9999,0,1,https://digitallibrary.un.org/record/673583?ln=en,WHO,UN,Y,Y,UN resolution,NA
CDRSPH_2010R2,CDRSPH_2010R2,Resolution CD50R2 Strategy On Substance Use And Public Health,28.09.2010,28.09.2010,NA,31.12.9999,0,1,https://extranet.who.int/mindbank/item/3571,WHO,WHO,Y,Y,PAHO resolution,NA
EM06SD_20O3,EM06SD_20O3,EMRC57R3 Maternal Child And Adolescent Mental Health Challenges And Strategic Directions 2010-2015,2010-10,2010-10,NA,31.12.9999,0,1,https://apps.who.int/iris/handle/10665/122915?show=full,WHO,WHO,Y,Y,WHO resolution,NA
MA04DG_2010O,MA04DG_2010O,Monitoring Of The Achievement Of The Health-related Millennium Development Goals,21.05.2010,21.05.2010,NA,31.12.9999,0,1,https://apps.who.int/iris/handle/10665/3089?show=full,WHO,WHO,Y,Y,WHO resolution,NA
PRVCCD_2010O,PRVCCD_2010O,Prevention And Control Of Non-communicable Diseases,20.05.2010,20.05.2010,NA,31.12.9999,0,1,https://digitallibrary.un.org/record/683471?ln=en,WHO,UN,Y,Y,UN resolution,NA
RMDGPD_2010O,RMDGPD_2010O,Realizing The Millennium Development Goals For Persons With Disabilities,03.02.2010,03.02.2010,NA,31.12.9999,0,1,https://extranet.who.int/mindbank/item/355,WHO,WHO,Y,Y,WHO resolution,NA
WHGRHA_2010S,WHGRHA_2010S,WHA6313 Global Strategy To Reduce The Harmful Use Of Alcohol,21.05.2010,21.05.2010,NA,31.12.9999,0,1,https://www.who.int/publications/i/item/wha63-13-global-strategy-to-reduce-the-harmful-use-of-alcohol,WHO,WHO,Y,Y,WHO resolution,NA
CDRPAE_2011R8,CDRPAE_2011R8,Resolution CD51R8 Strategy And Plan Of Action On Epilepsy,29.09.2011,29.09.2011,NA,31.12.9999,0,1,https://www.paho.org/en/documents/cd51r8-2011-strategy-and-plan-action-epilepsy-resolution-0,WHO,PAHO,Y,Y,PAHO resolution,NA
CHLDIP_2011O,CHLDIP_2011O,Child Injury Prevention,24.05.2011,24.05.2011,NA,31.12.9999,0,1,NA,WHO,WHO,Y,Y,WHO resolution,NA
DP07CD_2011R,DP07CD_2011R,Draft Political Declaration Of The High-level Meeting On The Prevention And Control Of Non-communicable Diseases,16.09.2011,16.09.2011,NA,31.12.9999,0,1,https://digitallibrary.un.org/record/710899?ln=en,WHO,UN,Y,Y,UN resolution,NA
GLBHFP_2011O,GLBHFP_2011O,Global Health And Foreign Policy,12.12.2011,12.12.2011,NA,31.12.9999,0,1,https://digitallibrary.un.org/record/721919?ln=en,WHO,UN,Y,Y,UN resolution,NA
HLTHWS_2011O,HLTHWS_2011O,Health Workforce Strengthening,24.05.2011,24.05.2011,NA,31.12.9999,0,1,https://apps.who.int/iris/handle/10665/3560?show=full,WHO,WHO,Y,Y,WHO resolution,NA
MSCWDC_20R,MSCWDC_20R,Moscow Declaration,2011-04,2011-04,NA,31.12.9999,0,1,https://www3.paho.org/hq/index.php?option=com_docman&view=list&slug=7-global-ministerial-meeting-on-healthy-lifestyle-3775&Itemid=270&lang=en#gsc.tab=0,WHO,PAHO,Y,Y,PAHO resolution,NA
PD08CD_2011R,PD08CD_2011R,Political Declaration Of The High-level Meeting Of The General Assembly On The Prevention And Control Of Non-communicable Diseases,19.09.2011,19.09.2011,NA,31.12.9999,0,1,https://digitallibrary.un.org/record/720106?ln=en,WHO,UN,Y,Y,UN resolution,NA
PH11MC_2011O,PH11MC_2011O,Preparations For The High-level Meeting Of The United Nations General Assembly On The Prevention And Control Of Non-communicable Diseases Following On The Moscow Conference,24.05.2011,24.05.2011,NA,31.12.9999,0,1,https://apps.who.int/iris/handle/10665/3567?show=full,WHO,WHO,Y,Y,WHO resolution,NA
PRVCND_2011O,PRVCND_2011O,Prevention And Control Of Noncommunicable Diseases,14.04.2011,14.04.2011,NA,31.12.9999,0,1,https://apps.who.int/iris/handle/10665/3364?show=full,WHO,WHO,Y,Y,UN resolution,NA
RMDGPD_2010O6,RMDGPD_2010O6,65186 Realizing The Millennium Development Goals For Persons With Disabilities Towards 2015 And Beyond (2011),21.12.2010,21.12.2010,NA,31.12.9999,0,1,https://www.unescap.org/sites/default/files/a_res_65_186_0.pdf,WHO,UN,Y,Y,UN plan of action,NA
SH06HS_2011O,SH06HS_2011O,Strengthening National Health Emergency And Disaster Management Capacities And Resilience Of Health Systems,24.05.2011,24.05.2011,NA,31.12.9999,0,1,https://apps.who.int/iris/handle/10665/3566?show=full,WHO,WHO,Y,Y,WHO resolution,NA
SP05PP_2011O,SP05PP_2011O,Strengthening National Policy Dialogue To Build More Robust Health Policies Strategies And Plans,24.05.2011,24.05.2011,NA,31.12.9999,0,1,https://apps.who.int/iris/handle/10665/3563?show=full,WHO,WHO,Y,Y,WHO resolution,NA
WR11DG_2011O,WR11DG_2011O,WHOs Role In The Follow-up To The United Nations High-level Plenary Meeting Of The General Assembly On The Millennium Development Goals (New York September 2010),24.05.2011,24.05.2011,NA,31.12.9999,0,1,https://apps.who.int/iris/handle/10665/3568?show=full,WHO,WHO,Y,Y,WHO resolution,NA
WRRPNM_2011O,WRRPNM_2011O,Working Towards The Reduction Of Perinatal And Neonatal Mortality,24.05.2011,24.05.2011,NA,31.12.9999,0,1,https://apps.who.int/iris/handle/10665/3570?show=full,WHO,WHO,Y,Y,WHO resolution,NA
YTHHLR_2011O,YTHHLR_2011O,Youth And Health Risks,24.05.2011,24.05.2011,NA,31.12.9999,0,1,https://apps.who.int/iris/handle/10665/3594,WHO,WHO,Y,Y,WHO resolution,NA
AA11DD_2012O33,AA11DD_2012O33,A675033 Addressing The Socioeconomic Needs Of Individuals Families And Societies Affected By Autism Spectrum Disorders (ASD) Developmental Disorders (DD) And Associated Disabilities,12.12.2012,12.12.2012,NA,31.12.9999,0,1,https://digitallibrary.un.org/record/746247?ln=en,WHO,UN,Y,Y,UN resolution,NA
AGLHFP_2012O36,AGLHFP_2012O36,A675036 Global Health And Foreign Policy,12.12.2012,12.12.2012,NA,31.12.9999,0,1,https://digitallibrary.un.org/record/746671?ln=en,WHO,UN,Y,Y,UN resolution,NA
IR05CH_2012R,IR05CH_2012R,Implementation Of The Recommendations Of The Commission On Information And Accountability For Womens And Childrens Health,26.05.2012,26.05.2012,NA,31.12.9999,0,1,https://apps.who.int/iris/handle/10665/80481?show=full,WHO,WHO,Y,Y,WHO resolution,NA
SC07DD_2012R8,SC07DD_2012R8,Resolution SEARC65R8 Comprehensive And Coordinated Efforts For The Management Of Autism Spectrum Disorders (ASD) And Developmental Disabilities,07.09.2012,07.09.2012,NA,31.12.9999,0,1,https://apps.who.int/iris/handle/10665/128330?show=full,WHO,WHO,Y,Y,WHO resolution,NA
SN04AA_2012A,SN04AA_2012A,Strengthening Noncommunicable Disease Policies To Promote Active Ageing,25.05.2012,25.05.2012,NA,31.12.9999,0,1,https://apps.who.int/iris/handle/10665/80477?show=full,WHO,WHO,Y,Y,WHO resolution,NA
CI08OP_2012A,CI08OP_2012A,Towards A Comprehensive And Integral International Legal Instrument To Promote And Protect The Rights And Dignity Of Older Persons,20.12.2012,20.12.2012,NA,31.12.9999,0,1,https://digitallibrary.un.org/record/743962?ln=en,WHO,UN,Y,Y,UN resolution,NA
WG10CL_2012R54,WG10CL_2012R54,Resolution WHA654 On The Global Burden Of Mental Disorders And The Need For A Comprehensive Coordinated Response From Health And Social Sectors At The Country Level,25.05.2012,25.05.2012,NA,31.12.9999,0,1,https://extranet.who.int/mindbank/item/3043,WHO,WHO,Y,Y,WHO resolution,NA
DW05AP_2019R,DW05AP_2019R,Decision WHA72(11) Extension Of Resolution Comprehensive Mental Health Action Plan 2013-2020-2030,28.05.2019,28.05.2019,NA,31.12.9999,0,1,https://extranet.who.int/mindbank/item/7097,WHO,WHO,Y,Y,WHO resolution,Corrected year
ERMHAP_2013R,ERMHAP_2013R,Resolution The European Mental Health Action Plan (EURRC63R10),19.09.2013,19.09.2013,NA,31.12.9999,0,1,https://extranet.who.int/mindbank/item/3130,WHO,WHO,Y,Y,WHO resolution,NA
FP09CD_2013R,FP09CD_2013R,Follow-up To The Political Declaration Of The High-level Meeting Of The General Assembly On The Prevention And Control Of Non-communicable Diseases,27.05.2013,27.05.2013,NA,31.12.9999,0,1,https://apps.who.int/iris/bitstream/handle/10665/150161/A66_R10-en.pdf?sequence=1&isAllowed=y,WHO,WHO,Y,Y,WHO resolution,NA
HLTPDA_2013O,HLTPDA_2013O,Health In The Post-2015 Development Agenda,27.05.2013,27.05.2013,NA,31.12.9999,0,1,https://apps.who.int/iris/handle/10665/150162?show=full,WHO,WHO,Y,Y,WHO resolution,NA
IR07WC_2013R,IR07WC_2013R,Implementation Of The Recommendations Of The United Nations Commission On Life-Saving Commodities For Women And Children,27.05.2013,27.05.2013,NA,31.12.9999,0,1,https://apps.who.int/iris/handle/10665/150158?show=full,WHO,WHO,Y,Y,WHO resolution,NA
MNSDDA_2013O28,MNSDDA_2013O28,201328 Mainstreaming Disability In The Development Agenda Towards 2015 And Beyond (2013),25.07.2013,25.07.2013,NA,31.12.9999,0,1,https://digitallibrary.un.org/record/759308,WHO,UN,Y,Y,UN resolution,NA
WCMHAP_2013R68,WCMHAP_2013R68,Resolution WHA668 Comprehensive Mental Health Action Plan 2013-2020,27.05.2013,27.05.2013,NA,31.12.9999,0,1,https://extranet.who.int/mindbank/item/3042,WHO,WHO,Y,Y,WHO resolution,NA
WCMHAP_2019R72,WCMHAP_2019R72,Resolution WHA72 Comprehensive Mental Health Action Plan 2013-2030,30.01.2019,30.01.2019,NA,31.12.9999,0,1,https://www.emro.who.int/mnh/mental-health-action-plan/index.html,WHO,WHO,Y,Y,WHO resolution,Corrected year
WHDSBL_2013O69,WHDSBL_2013O69,WHA669 Disability,11.03.2013,11.03.2013,NA,31.12.9999,0,1,NA,WHO,WHO,Y,Y,WHO resolution,NA
WHDSBL_2013O69,WHDSBL_2013O69,WHA669 On Disability (May 2013),27.05.2013,27.05.2013,NA,31.12.9999,0,1,NA,WHO,WHO,Y,Y,WHO resolution,NA
AP04RS_2014O,AP04RS_2014O,A6714- Prevention And Control Of Noncommunicable Diseases (Report By The Secretariat 2014),11.04.2014,11.04.2014,NA,31.12.9999,0,1,https://extranet.who.int/mindbank/item/5317,WHO,WHO,Y,Y,WHO resolution,NA
AR08PD_2014O2,AR08PD_2014O2,ARES69142 Realizing The Millennium Development Goals And Other Internationally Agreed Development Goals For Persons With Disabilities Towards 2015 And Beyond (2014),18.12.2014,18.12.2014,NA,31.12.9999,0,1,NA,WHO,UN,Y,Y,UN resolution,NA
WHATSM_2014O78,WHATSM_2014O78,WHA678 Autism,24.05.2014,24.05.2014,NA,31.12.9999,0,1,https://extranet.who.int/mindbank/item/5316,WHO,WHO,Y,Y,WHO resolution,Corrected title
CP05CA_2014R38,CP05CA_2014R38,Resolution CD538 Plan Of Action On Mental Health (Regional Committee For The Americas),03.10.2014,03.10.2014,NA,31.12.9999,0,1,https://extranet.who.int/mindbank/item/5405,WHO,WHO,Y,Y,WHO resolution,NA
CS08HE_2014A,CS08HE_2014A,Contributing To Social And Economic Development Sustainable Action Across Sectors To Improve Health And Health Equity,24.05.2014,24.05.2014,NA,31.12.9999,0,1,https://apps.who.int/iris/handle/10665/162850,WHO,WHO,Y,Y,WHO resolution,NA
HLTPDA_2014O,HLTPDA_2014O,Health In The Post-2015 Development Agenda,24.05.2014,24.05.2014,NA,31.12.9999,0,1,https://apps.who.int/iris/handle/10665/162854?show=full,WHO,WHO,Y,Y,WHO resolution,NA
IMPIHR_2014R,IMPIHR_2014R,Implementation Of The International Health Regulations (2005),24.05.2014,24.05.2014,NA,31.12.9999,0,1,https://apps.who.int/iris/handle/10665/162853?show=full,WHO,WHO,Y,Y,WHO resolution,NA
NWBHAP_2014A,NWBHAP_2014A,Newborn Health Action Plan,24.05.2014,24.05.2014,NA,31.12.9999,0,1,https://apps.who.int/gb/ebwha/pdf_files/WHA67/A67_R10-en.pdf,WHO,WHO,Y,Y,WHO resolution,NA
OD13CD_2014O,OD13CD_2014O,Outcome Document Of The High-level Meeting Of The General Assembly On The Comprehensive Review And Assessment Of The Progress Achieved In The Prevention And Control Of Non-communicable Diseases,10.07.2014,10.07.2014,NA,31.12.9999,0,1,https://digitallibrary.un.org/record/777809?ln=en,WHO,UN,Y,Y,UN resolution,NA
SM08CD_2014O,SM08CD_2014O,Scope And Modalities Of The Comprehensive Review And Assessment Of The Progress Achieved In The Prevention And Control Of Non-communicable Diseases,13.05.2014,13.05.2014,NA,31.12.9999,0,1,https://extranet.who.int/mindbank/item/5172,WHO,WHO,Y,Y,WHO resolution,NA
SS09HA_2014A,SS09HA_2014A,SEARC67R4 South East Asia Regional Action Plan To Implement Global Strategy To Reduce Harmful Use Of Alcohol (2014-2025),12.09.2014,12.09.2014,NA,31.12.9999,0,1,https://apps.who.int/iris/handle/10665/136972?show=full,WHO,WHO,Y,Y,WHO resolution,NA
RS06SD_2014O,RS06SD_2014O,Report By The Secretariat Comprehensive And Coordinated Efforts For The Management Of Autism Spectrum Disorders,21.03.2014,21.03.2014,NA,31.12.9999,0,1,https://extranet.who.int/mindbank/item/5316,WHO,WHO,Y,Y,WHO resolution,Corrected title
WHDSBL_2014O77,WHDSBL_2014O77,WHA677 Disability (2014),24.05.2014,24.05.2014,NA,31.12.9999,0,1,https://extranet.who.int/mindbank/item/5311,WHO,WHO,Y,Y,WHO resolution,NA
WM04WP_2014R55,WM04WP_2014R55,Resolution WPRRC655 Mental Health (Regional Office Of The Western Pacific 2014),15.10.2014,15.10.2014,NA,31.12.9999,0,1,https://apps.who.int/iris/handle/10665/361130?show=full,WHO,WHO,Y,Y,WHO resolution,NA
AP06EB_2015O5,AP06EB_2015O5,AHRC28505 The Right Of Persons With Disabilities To Live Independently And Be Included In The Community On An Equal Basis With Others,26.03.2015,26.03.2015,NA,31.12.9999,0,1,https://digitallibrary.un.org/record/795258?ln=en,WHO,UN,Y,Y,UN resolution,NA
CPADOP_2015R11,CPADOP_2015R11,Resolution CD54R11 Strategy And Plan Of Action On Dementias In Older Persons,01.10.2015,01.10.2015,NA,31.12.9999,0,1,https://iris.paho.org/handle/10665.2/28395?show=full,WHO,PAHO,Y,Y,PAHO resolution,NA
EG11KI_2015R8,EG11KI_2015R8,Resolution EB136R8 Global Burden Of Epilepsy And The Need For Coordinated Action At The Country Level To Address Its Health Social And Public Knowledge Implications,02.02.2015,02.02.2015,NA,31.12.9999,0,1,https://apps.who.int/gb/ebwha/pdf_files/EB136/B136_R8-en.pdf,WHO,WHO,Y,Y,WHO resolution,NA
ES04FA_20A,ES04FA_20A,EMRC62R52015 Scaling Up Mental Health Care A Framework For Action,2015-10,2015-10,NA,31.12.9999,0,1,https://apps.who.int/iris/handle/10665/259661?show=full,WHO,WHO,Y,Y,WHO resolution,NA
RGCIRC_2015O,RGCIRC_2015O,Rights Of The Child Towards Better Investment In The Rights Of The Child,27.03.2015,27.03.2015,NA,31.12.9999,0,1,https://ap.ohchr.org/documents/dpage_e.aspx?si=A/HRC/RES/28/19,WHO,UN,Y,Y,UN resolution,NA
MH05CR_2016R,MH05CR_2016R,Mental Health And Human Rights Resolution Of Human Rights Council And Associated Report (2016),01.07.2016,01.07.2016,NA,31.12.9999,0,1,https://ap.ohchr.org/documents/dpage_e.aspx?si=A/HRC/RES/32/18,WHO,UN,Y,Y,UN resolution,NA
PH08DH_2017O3,PH08DH_2017O3,Preparation For The 3 High-level Meeting Of The General Assembly On The Prevention And Control Of Non-communicable Diseases To Be Held In 2018,18.05.2017,18.05.2017,NA,31.12.9999,0,1,https://apps.who.int/iris/handle/10665/275670?show=full,WHO,WHO,Y,Y,WHO resolution,Corrected title
PD12HW_2019R,PD12HW_2019R,Political Declaration Of The High-level Meeting On Universal Health Coverage Universal Health Coverage Moving Together To Build A Healthier World,10.10.2019,10.10.2019,NA,31.12.9999,0,1,https://www.un.org/pga/73/event/universal-health-coverage/,WHO,UN,Y,Y,UN resolution,NA
PD12HW_2019R,PD12HW_2019R,Political Declaration For The UN High-Level Meeting On Universal Health Coverage (HLM UHC) Universal Health Coverage Moving Together To Build A Healthier World 2019,10.10.2019,10.10.2019,NA,31.12.9999,0,1,https://www.un.org/pga/73/event/universal-health-coverage/,WHO,UN,Y,Y,UN resolution,NA
EP06HE_2021O,EP06HE_2021O,EB148(3) Promoting Mental Health Preparedness And Response For Public Health Emergencies (20 January 2021),20.01.2021,20.01.2021,NA,31.12.9999,0,1,NA,WHO,WHO,Y,Y,WHO resolution,NA
AM05RC_2017R,AM05RC_2017R,Resolution AHRCRES3613 Mental Health And Human Rights (2017) Human Rights Council Resolution,28.09.2017,28.09.2017,NA,31.12.9999,0,1,https://ap.ohchr.org/documents/dpage_e.aspx?si=A/HRC/RES/36/13,WHO,UN,Y,Y,UN resolution,NA
HR05HR_2020R,HR05HR_2020R,Human Rights Council Resolution AHRCRES4313 Mental Health And Human Rights (2020),19.06.2020,19.06.2020,NA,31.12.9999,0,1,https://digitallibrary.un.org/record/3873686?ln=fr,WHO,UN,Y,Y,UN resolution,NA
UN04DL_1990R,UN04DL_1990R,United Nations Rules For The Protection Of Juveniles Deprived Of Their Liberty,14.12.1990,14.12.1990,NA,31.12.9999,0,1,https://digitallibrary.un.org/record/105555?ln=en,WHO,UN,Y,Y,UN resolution,NA
UN05JJ_1985R,UN05JJ_1985R,United Nations Standard Minimum Rules For The Administration Of Juvenile Justice,29.11.1985,29.11.1985,NA,31.12.9999,0,1,https://digitallibrary.un.org/record/120958?ln=en,WHO,UN,Y,Y,UN resolution,NA
WHGAPS_2019A,WHGAPS_2019A,WHA726 Global Action On Patient Safety,28.05.2019,28.05.2019,NA,31.12.9999,0,1,https://extranet.who.int/mindbank/item/7521,WHO,WHO,Y,Y,WHO resolution,NA
WHPRHC_2019O22,WHPRHC_2019O22,WHA722 Primary Health Care (2019),24.05.2019,24.05.2019,NA,31.12.9999,0,1,https://extranet.who.int/mindbank/item/7522,WHO,WHO,Y,Y,WHO resolution,NA
WGAEND_2020A,WGAEND_2020A,WHA7310 Global Actions On Epilepsy And Other Neurological Disorders,13.11.2020,13.11.2020,NA,31.12.9999,0,1,https://extranet.who.int/mindbank/item/7518,WHO,WHO,Y,Y,WHO resolution,NA
EAARHA_2020A,EAARHA_2020A,EB146(14) Accelerating Action To Reduce The Harmful Use Of Alcohol (2020),07.02.2020,07.02.2020,NA,31.12.9999,0,1,https://extranet.who.int/mindbank/item/7524,WHO,WHO,Y,Y,WHO resolution,NA
EH04PD_2021R6,EH04PD_2021R6,Resolution EB148R6 The Highest Attainable Standard Of Health For Persons With Disabilities,25.01.2021,25.01.2021,NA,31.12.9999,0,1,https://extranet.who.int/mindbank/item/7511,WHO,WHO,Y,Y,WHO resolution,NA
EP09CD_2021R3,EP09CD_2021R3,EB1487 Political Declaration Of The 3 High-level Meeting Of The General Assembly On The Prevention And Control Of Non-communicable Diseases,13.01.2021,13.01.2021,NA,31.12.9999,0,1,https://extranet.who.int/mindbank/item/7516,WHO,WHO,Y,Y,WHO resolution,NA