manyID,treatyID,Title,Begin,Organisation,Topic,Lineage,whoID,Region,LegalStatus,ghhrID
AA09MD_2005R,AA09MD_2005R,Accelerating Achievement Of The Internationally Agreed Health-related Development Goals Including Those Contained In The Millennium Declaration,2005,World Health Organization ,Resolutions and Declarations on General Health,NA - health,30,NA,NA,NA
AA11DD_2012O33,AA11DD_2012O33,A675033 Addressing The Socioeconomic Needs Of Individuals Families And Societies Affected By Autism Spectrum Disorders (ASD) Developmental Disorders (DD) And Associated Disabilities,2012,United Nations General Assembly ,Resolutions and Declarations on Mental Health,NA - human rights,68,NA,NA,NA
AA13RA_1988P04,AA13RA_1988P04,Additional Protocol To The American Convention On Human Rights In The Area Of Economic Social And Cultural Rights (Protocol Of San Salvador) ACHPR Res73(36)04 Resolution On Economic Social And Cultural Rights In Africa,1988,NA,NA,San Salvador Africa - human rights,NA,Africa,Intergovernmental - Legally Binding,58
AAHNMA_2008R41,AAHNMA_2008R41,ACHPRRes141 (XXXXIIII)08 Resolution On Access To Health And Needed Medicines In Africa,2008,NA,NA,Africa - health,NA,Africa,Intergovernmental - Non-binding,142
AC04WA_2003P,AC04WA_2003P,Protocol To The African Charter On Human And PeoplesRights On The Rights Of Women In Africa,2003,NA,NA,Africa - human rights,NA,Africa,Intergovernmental - Legally Binding,134
AFBCHP_1981A,AFBCHP_1981A,African Banjul Charter On Human And PeoplesRights,1981,NA,NA,NA - human rights,NA,Africa,Intergovernmental - Legally Binding,45
AFCHPR_1981A,AFCHPR_1981A,African Charter On Humans And Peoples Rights 1981,1981,NA,NA,NA - human rights,NA,Africa,Intergovernmental - Legally Binding,46
AFCRWC_1990A,AFCRWC_1990A,African Charter On The Rights And Welfare Of The Child,1990,NA,NA,NA,NA,Africa,Intergovernmental - Legally Binding,67
AG07AC_1977P1,AG07AC_1977P1,Protocol Additional (Protocol 1) To The Geneva Conventions Of 12 August 1949 And Relating To The Protection Of Victims Of International Armed Conflicts,1977,NA,NA,NA - human rights,NA,Universal,Intergovernmental - Legally Binding,37
AG07AC_1977P2,AG07AC_1977P2,Protocol Additional (Protocol 2) To The Geneva Conventions Of 12 August 1949 And Relating To The Protection Of Victims Of Non-International Armed Conflicts,1977,NA,NA,NA - human rights,NA,Universal,Intergovernmental - Legally Binding,38
AGENDA_1992O21,AGENDA_1992O21,Agenda 21,1992,NA,NA,NA,NA,Universal,Intergovernmental - Non-binding,78
AGLHFP_2012O36,AGLHFP_2012O36,A675036 Global Health And Foreign Policy,2012,United Nations General Assembly ,Resolutions and Declarations on General Health,NA - law enforcement,67,NA,NA,NA
AH05HP_2008P,AH05HP_2008P,Additional Protocol To The Convention On Human Rights And Biomedicine Concerning Genetic Testing For Health Purposes,2008,NA,NA,NA - human rights,NA,Europe,Intergovernmental - Legally Binding,143
AH06HO_2002P,AH06HO_2002P,Additional Protocol To The Convention On Human Rights And Biomedicine On Transplantation Of Organs And Tissues Of Human Origin,2002,NA,NA,NA - environment,NA,Europe,Intergovernmental - Legally Binding,124
AHRBBR_2005P,AHRBBR_2005P,Additional Protocol To The Convention On Human Rights And Biomedicine Concerning Biomedical Research,2005,NA,NA,NA - research,NA,Europe,Intergovernmental - Legally Binding,137
AM05RC_3613R,AM05RC_3613R,Resolution AHRCRES3613 Mental Health And Human Rights (2017) Human Rights Council Resolution,3613,United Nations Human Rights Council,Resolutions and Declarations on Mental Health,NA - human rights,107,NA,NA,NA
AMDRDM_1948R,AMDRDM_1948R,American Declaration Of The Rights And Duties Of Man,1948,NA,NA,NA,NA,Americas,Intergovernmental - Non-binding,4
AMRCHR_1969A,AMRCHR_1969A,American Convention On Human Rights (ACHR),1969,NA,NA,NA - human rights,NA,Americas,Intergovernmental - Legally Binding,28
AP04RS_2014O,AP04RS_2014O,A6714- Prevention And Control Of Noncommunicable Diseases (Report By The Secretariat 2014),2014,World Health Organization ,Resolutions and Declarations on General Health,NA - health,96,NA,NA,NA
AP06EB_2015O5,AP06EB_2015O5,AHRC28505 The Right Of Persons With Disabilities To Live Independently And Be Included In The Community On An Equal Basis With Others,2015,Human Rights Council ,Resolutions and Declarations on Disability,NA - human rights,100,NA,NA,NA
AP11HB_1998P,AP11HB_1998P,Additional Protocol To The Convention For The Protection Of Human Rights And Dignity Of The Human Being With Regard To The Application Of Biology And Medicine On The Prohibition Of Cloning Human Beings,1998,NA,NA,NA - human rights,NA,Europe,Intergovernmental - Legally Binding,105
AR04RA_2004R04,AR04RA_2004R04,ACHPR Res73(36)04 Resolution On Economic Social And Cultural Rights In Africa,2004,NA,NA,Africa - human rights,NA,Africa,Intergovernmental - Non-binding,136
AR05PS_1982A,AR05PS_1982A,Action In Respect Of International Conventions On Narcotic Drugs And Psychotropic Substances,1982,World Health Organization ,Resolutions and Declarations on Mental Health,NA - waste,9,NA,NA,NA
AR08PD_2014O2,AR08PD_2014O2,ARES69142 Realizing The Millennium Development Goals And Other Internationally Agreed Development Goals For Persons With Disabilities Towards 2015 And Beyond (2014),2014,General Assembly ,Resolutions and Declarations on Disability,NA - human rights,83,NA,NA,NA
AR08PS_1980A,AR08PS_1980A,Action In Respect Of International Conventions On Narcotic And Psychotropic Substances Abuse Of Narcotic And Psychotropic Substances,1980,World Health Organization ,Resolutions and Declarations on Mental Health,NA - waste,8,NA,NA,NA
AUTISM_2014O,AUTISM_2014O,Autism,2014,World Health Organization ,Resolutions and Declarations on Disability,NA,92,NA,NA,NA
BJNDPA_1995R,BJNDPA_1995R,Beijing Declaration And Platform For Action,1995,NA,NA,Beijing,NA,Universal,Intergovernmental - Non-binding,94
BP04DI_1988O,BP04DI_1988O,Body Of Principles For The Protection Of All Persons Under Any Form Of Detention Or Imprisonment,1988,NA,NA,NA,NA,Universal,Intergovernmental - Non-binding,59
CD07SD_1995R,CD07SD_1995R,Copenhagen Declaration On Social Development And Programme Of Action Of The World Summit For Social Development,1995,NA,NA,Summit,NA,Universal,Intergovernmental - Non-binding,97
CDCLEO_1979S,CDCLEO_1979S,Code Of Conduct For Law Enforcement Officials,1979,NA,NA,NA - law enforcement,NA,Universal,Intergovernmental - Non-binding,40
CDDPRC_2006R1,CDDPRC_2006R1,Resolution CD47R1 (2006) Disability Prevention And Rehabilitation In The Context Of The Right,2006,Pan American Health Organization ,Resolutions and Declarations on Disability,NA,35,NA,NA,NA
CDGRFC_1999R14,CDGRFC_1999R14,CEDAW General Recommendation No 14 Female Circumcision,1999,NA,NA,NA,NA,Universal,Intergovernmental - Non-binding,109
CDGRVW_1992R19,CDGRVW_1992R19,CEDAW General Recommendation No 19 Violence Against Women,1992,NA,NA,NA,NA,Universal,Intergovernmental - Non-binding,79
CDMNTH_1997R,CDMNTH_1997R,Resolution CD4015 Mental Health,1997,Pan American Health Organization and World Health Organization ,Resolutions and Declarations on Mental Health,NA - health,15,NA,NA,NA
CDPAMH_2009R17,CDPAMH_2009R17,Resolution CD49R17 Strategy And Plan Of Action On Mental Health,2009,Pan American Health Organization ,Resolutions and Declarations on Mental Health,NA - health,43,NA,NA,NA
CDRMNH_2001R10,CDRMNH_2001R10,Resolution CD43R10 Mental Health,2001,Pan American Health Organization ,Resolutions and Declarations on Mental Health,NA - health,18,NA,NA,NA
CDRPAE_2011R8,CDRPAE_2011R8,Resolution CD51R8 Strategy And Plan Of Action On Epilepsy,2011,Pan American Health Organization ,Neurological disorders including dementia,NA,51,NA,NA,NA
CDRSPH_2010R2,CDRSPH_2010R2,Resolution CD50R2 Strategy On Substance Use And Public Health,2010,PAHO ,Resolutions and Declarations on Alcohol and Substance Use,NA - health,45,NA,NA,NA
CDWGRA_1999R24,CDWGRA_1999R24,CEDAW General Recommendation No 24 Article 12 Of The Convention (Women And Health),1999,NA,NA,NA - health,NA,Universal,Intergovernmental - Non-binding,110
CG05CR_2009O20,CG05CR_2009O20,CESCR General Comment No 20 Non-Discrimination In Economic Social And Cultural Rights,2009,NA,NA,NA - human rights,NA,Universal,Intergovernmental - Non-binding,145
CG06OP_1995O6,CG06OP_1995O6,CESCR General Comment No 6 The Economic Social And Cultural Rights Of Older Persons,1995,NA,NA,NA - human rights,NA,Universal,Intergovernmental - Non-binding,95
CG06RC_2003A,CG06RC_2003A,CRC General Comment No 4 Adolescent Health And Development In The Context Of The Convention On The Rights Of The Child,2003,NA,NA,NA - health,NA,Universal,Intergovernmental - Non-binding,133
CG08IS_1990R15,CG08IS_1990R15,CEDAW General Recommendation No 15 Avoidance Of Discrimination Against Women In National Strategies For The Prevention And Control Of Acquired Immunodeficiency Syndrome (AIDS),1990,NA,NA,NA - human rights,NA,Universal,Intergovernmental - Non-binding,69
CGCHRC_2003O3,CGCHRC_2003O3,CRC General Comment No 3 HIVAIDS And The Rights Of The Child,2003,NA,NA,NA,NA,Universal,Intergovernmental - Non-binding,132
CHFREU_2000A,CHFREU_2000A,Charter Of Fundamental Rights Of The European Union,2000,NA,NA,NA,NA,Europe,Intergovernmental - Legally Binding,117
CHLDIP_2011O,CHLDIP_2011O,Child Injury Prevention,2011,World Health Organization ,Resolutions and Declarations on Child & Youth,NA,50,NA,NA,NA
CHROAS_1948A,CHROAS_1948A,Charter Of The Organization Of American States (OAS),1948,NA,NA,NA,NA,Americas,Intergovernmental - Legally Binding,5
CI08OP_2012A,CI08OP_2012A,Towards A Comprehensive And Integral International Legal Instrument To Promote And Protect The Rights And Dignity Of Older Persons,2012,United Nations ,Resolutions and Declarations on Older Persons,NA - law enforcement,66,NA,NA,NA
CMMAGS_1949A,CMMAGS_1949A,Common Article 3 Of The Geneva Conventions,1949,NA,NA,NA - human rights,NA,Universal,Intergovernmental - Legally Binding,8
CNSWHO_1946A,CNSWHO_1946A,Constitution Of The World Health Organization (WHO),1946,NA,NA,NA - health,NA,Universal,Intergovernmental - Legally Binding,2
CP04RW_1990A,CP04RW_1990A,Code Of Practice On The International Transboundary Movement Of Radioactive Waste,1990,NA,NA,NA - waste,NA,Universal,Intergovernmental - Non-binding,70
CP05CA_2014R38,CP05CA_2014R38,Resolution CD538 Plan Of Action On Mental Health (Regional Committee For The Americas),2014,Pan American Health Organization ,Resolutions and Declarations on Mental Health,NA - health,84,NA,NA,NA
CPADOP_2015R11,CPADOP_2015R11,Resolution CD54R11 Strategy And Plan Of Action On Dementias In Older Persons,2015,Pan American Health Organization and World Health Organization ,Neurological disorders including dementia,NA,98,NA,NA,NA
CPNHGN_2000O5,CPNHGN_2000O5,Copenhagen Plus 5,2000,NA,NA,NA,NA,Universal,Intergovernmental - Non-binding,118
CRCSDC_1990R,CRCSDC_1990R,Caracas Declaration,1990,NA,NA,NA,NA,Americas,"NGO, Professional Association and Other",68
CS08HE_2014A,CS08HE_2014A,Contributing To Social And Economic Development Sustainable Action Across Sectors To Improve Health And Health Equity,2014,World Health Organization ,Resolutions and Declarations on General Health,NA - health,88,NA,NA,NA
CSCGCE_1999O13,CSCGCE_1999O13,CESCR General Comment No 13 The Right To Education,1999,NA,NA,NA,NA,Universal,Intergovernmental - Non-binding,112
CSCGCH_2000O14,CSCGCH_2000O14,CESCR General Comment No 14 The Right To Health,2000,NA,NA,NA - health,NA,Universal,Intergovernmental - Non-binding,116
CSCGCW_2002O15,CSCGCW_2002O15,CESCR General Comment No 15 The Right To Water,2002,NA,NA,NA,NA,Universal,Intergovernmental - Non-binding,125
CSGCAF_1999O12,CSGCAF_1999O12,CESCR General Comment No 12 The Right To Adequate Food,1999,NA,NA,NA - agriculture,NA,Universal,Intergovernmental - Non-binding,111
CSGCAH_1991O4,CSGCAH_1991O4,CESCR General Comment No 4 The Right To Adequate Housing,1991,NA,NA,NA,NA,Universal,Intergovernmental - Non-binding,75
CSGCPD_1994O5,CSGCPD_1994O5,CESCR General Comment No 5 Persons With Disabilities,1994,NA,NA,NA - human rights,NA,Universal,Intergovernmental - Non-binding,86
CSGCSS_2008O19,CSGCSS_2008O19,CESCR General Comment No 19 The Right To Social Security,2008,NA,NA,NA - defense,NA,Universal,Intergovernmental - Non-binding,144
CTMHWD_1989A,CTMHWD_1989A,Basel Convention On The Control Of Transboundary Movements Of Hazardous Wastes And Their Disposal,1989,NA,NA,NA - territorial boundaries,NA,Universal,Intergovernmental - Legally Binding,61
DC04GA_2001R,DC04GA_2001R,Declaration Of Commitment On HIVAIDS Global Crisis-Global Action,2001,NA,NA,NA,NA,Universal,Intergovernmental - Non-binding,121
DC11HA_2001R,DC11HA_2001R,Declaration On Cities And Other Human Settlements In The New Millennium Of The Special Session Of The General Assembly For An Overall Review And Appraisal Of The Implementation Of The Habitat Agenda,2001,NA,NA,NA - environment,NA,Universal,Intergovernmental - Non-binding,122
DCLEVW_1994R,DCLEVW_1994R,Declaration On The Elimination Of Violence Against Women,1994,NA,NA,NA,NA,Universal,Intergovernmental - Non-binding,88
DCLRAA_1978R,DCLRAA_1978R,Declaration Of Alma-Ata,1978,World Health Organization ,Resolutions and Declarations on General Health,NA,5,Universal,Intergovernmental - Non-binding,39
DCLRAR_1948R,DCLRAR_1948R,Declaration Of Old Age Rights,1948,United Nations ,Resolutions and Declarations on Older Persons,NA,1,NA,NA,NA
DCLRDP_1975R,DCLRDP_1975R,Declaration On The Rights Of Disabled Persons,1975,NA,NA,NA,NA,Universal,Intergovernmental - Non-binding,34
DCLRRC_1959R:IMPLRC_1992A,DCLRRC_1959R:IMPLRC_1992A,Declaration Of The Rights Of The Child,1959,United Nations ,Resolutions and Declarations on Child & Youth,NA,2,NA,NA,NA
DCLRRC_1959R:RGHTSC_1989A,DCLRRC_1959R:RGHTSC_1989A,Declaration Of The Rights Of The Child,1959,NA,NA,NA,NA,Universal,Intergovernmental - Non-binding,21
DCLRTD_1986R,DCLRTD_1986R,Declaration On The Right To Development,1986,NA,NA,NA,NA,Universal,Intergovernmental - Non-binding,55
DD09RI_2001R,DD09RI_2001R,Durban Declaration And Programme Of Action Of The World Conference Against Racism Racial Discrimination Xenophobia And Related Intolerance,2001,NA,NA,NA - human rights,NA,Universal,Intergovernmental - Non-binding,123
DP04AC_1974R,DP04AC_1974R,Declaration On The Protection Of Women And Children In Emergency And Armed Conflict,1974,NA,NA,NA,NA,Universal,Intergovernmental - Non-binding,31
DP07CD_2011R,DP07CD_2011R,Draft Political Declaration Of The High-level Meeting On The Prevention And Control Of Non-communicable Diseases,2011,United Nations ,Resolutions and Declarations on General Health,NA - health,52,NA,NA,NA
DPAWSC_2002R,DPAWSC_2002R,Declaration And Plan Of Action Of The World Summit For Children,2002,NA,NA,NA,NA,Universal,Intergovernmental - Non-binding,126
DR05EO_1958A,DR05EO_1958A,Convention Concerning Discrimination In Respect Of Employment And Occupation (ILO Discrimination (Employment And Occupation) Convention 1958 (No 111)),1958,NA,NA,NA - human rights,NA,Universal,Intergovernmental - Legally Binding,20
DR05LM_1992R,DR05LM_1992R,Declaration On The Rights Of Persons Belonging To National Or Ethnic Religious And Linguistic Minorities,1992,NA,NA,NA,NA,Universal,Intergovernmental - Non-binding,80
DS05BM_1975R,DS05BM_1975R,Declaration On The Use Of Scientific And Technological Progress In The Interests Of Peace And For The Benefit Of Mankind,1975,NA,NA,NA - research,NA,Universal,Intergovernmental - Non-binding,35
DSIPMR_2005O,DSIPMR_2005O,Disability Including Prevention Management And Rehabilitation,2005,World Health Organization ,disability,NA,28,NA,NA,NA
DT10DI_1975R,DT10DI_1975R,Declaration Of Tokyo Guidelines For Physicians Concerning Torture And Other Cruel Inhuman Or Degrading Treatment Or Punishment In Relation To Detention And Imprisonment (revised In 2006),1975,NA,NA,NA - human rights,NA,Universal,"NGO, Professional Association and Other",33
DVPARP_1979S,DVPARP_1979S,Development Of The WHO Programme On Alcohol-related Problems,1979,World Health Organization ,Resolutions and Declarations on Mental Health,NA,7,NA,NA,NA
DW05AH_2002R5,DW05AH_2002R5,Declaration Of The World Food Summit 5 Years Later International Alliance Against Hunger,2002,NA,NA,NA - agriculture,NA,Universal,Intergovernmental - Non-binding,127
DW05AP_2013R,DW05AP_2013R,Decision WHA72(11) Extension Of Resolution Comprehensive Mental Health Action Plan 2013-2020-2030,2013,World Health Organization,Resolutions and Declarations on Mental Health,NA - health,74,NA,NA,NA
ECBGPH_2005O,ECBGPH_2005O,Enhancing Capacity-building In Global Public Health,2005,United Nations ,Resolutions and Declarations on General Health,NA - health,26,NA,NA,NA
EG11KI_2015R8,EG11KI_2015R8,Resolution EB136R8 Global Burden Of Epilepsy And The Need For Coordinated Action At The Country Level To Address Its Health Social And Public Knowledge Implications,2015,World Health Organization ,Neurological disorders including dementia,NA - research,101,NA,NA,NA
ELMFDW_1979A,ELMFDW_1979A,Convention On The Elimination Of All Forms Of Discrimination Against Women (CEDAW),1979,NA,NA,NA - human rights,NA,Universal,Intergovernmental - Legally Binding,43
EM06SD_2010O3,EM06SD_2010O3,EMRC57R3 Maternal Child And Adolescent Mental Health Challenges And Strategic Directions 2010-2015,2010,WHO Regional Committee for the Eastern Mediterranean ,Resolutions and Declarations on Child & Youth,NA - health,44,NA,NA,NA
EMRCSD_2005O5,EMRCSD_2005O5,EMRC52R52005 Substance Use And Dependence,2005,WHO Regional Committee for the Eastern Mediterranean ,Resolutions and Declarations on Alcohol and Substance Use,NA,27,NA,NA,NA
EP05PS_1987A,EP05PS_1987A,European Convention For The Prevention Of Torture And Inhuman Or Degrading Treatment Or Punishment Strasbourg 26111987,1987,NA,NA,NA - human rights,NA,Europe,Intergovernmental - Legally Binding,56
EP06HE_2021O,EP06HE_2021O,EB148(3) Promoting Mental Health Preparedness And Response For Public Health Emergencies (20 January 2021),2021,World Health Organization,Resolutions and Declarations on Mental Health,NA - health,106,NA,NA,NA
EP06MR_2006O6,EP06MR_2006O6,EMRC53R52006 Public Health Problems Of Alcohol Consumption In The Eastern Mediterranean Region,2006,WHO Regional Committee for the Eastern Mediterranean ,Resolutions and Declarations on Alcohol and Substance Use,Mediterranean Region - health,36,NA,NA,NA
ERMHAP_2013R,ERMHAP_2013R,Resolution The European Mental Health Action Plan (EURRC63R10),2013,World Health Organization ,Resolutions and Declarations on Mental Health,NA - health,75,NA,NA,NA
ERPNAD_1989A,ERPNAD_1989A,European Anti-Doping Convention,1989,NA,NA,NA,NA,Europe,Intergovernmental - Legally Binding,64
ERPNSC_1996A,ERPNSC_1996A,European Social Charter (revised),1996,NA,NA,NA,NA,Europe,Intergovernmental - Legally Binding,100
ERPSMA_1953A,ERPSMA_1953A,European Convention On Social And Medical Assistance,1953,NA,NA,NA - health,NA,Europe,Intergovernmental - Legally Binding,16
ERPSMA_1953P:ERPSMA_1953A,ERPSMA_1953P:ERPSMA_1953A,Protocol To The European Convention On Social And Medical Assistance,1953,NA,NA,NA - health,NA,Europe,Intergovernmental - Legally Binding,17
ES04FA_2015A,ES04FA_2015A,EMRC62R52015 Scaling Up Mental Health Care A Framework For Action,2015,WHO Regional Committee for the Eastern Mediterranean ,Resolutions and Declarations on Mental Health,NA - health,97,NA,NA,NA
FCLIFL_1930A,FCLIFL_1930A,Convention Concerning Forced Or Compulsory Labour (ILO Forced Labour Convention 1930 (No 29)),1930,NA,NA,NA,NA,Universal,Intergovernmental - Legally Binding,1
FLLWAA_2002O2,FLLWAA_2002O2,Follow-up To The 2 World Assembly On Ageing,2002,United Nations ,Resolutions and Declarations on Older Persons,NA,19,NA,NA,NA
FP09CD_2013R,FP09CD_2013R,Follow-up To The Political Declaration Of The High-level Meeting Of The General Assembly On The Prevention And Control Of Non-communicable Diseases,2013,World Health Organization ,Resolutions and Declarations on General Health,NA - health,80,NA,NA,NA
FP09CD_2013R,FP09CD_2013R,Follow-up To The Political Declaration Of The High-level Meeting Of The General Assembly On The Prevention And Control Of Non-communicable Diseases,2013,World Health Assembly ,Resolutions and Declarations on General Health,NA - health,81,NA,NA,NA
FRMWPM_1995A,FRMWPM_1995A,The Framework Convention For The Protection Of National Minorities 1995,1995,NA,NA,NA,NA,Europe,Intergovernmental - Legally Binding,98
FRMWTC_2003A,FRMWTC_2003A,The WHO Framework Convention On Tobacco Control,2003,World Health Organization ,Resolutions and Declarations on General Health,NA - health,23,Universal,Intergovernmental - Legally Binding,135
GA04AF_1949A,GA04AF_1949A,Geneva Convention (1) For The Amelioration Of The Condition Of The Wounded And Sick In Armed Forces In The Field,1949,NA,NA,NA - human rights,NA,Universal,Intergovernmental - Legally Binding,10
GA07FS_1949A,GA07FS_1949A,Geneva Convention (2) For The Amelioration Of The Condition Of Wounded Sick And Shipwrecked Members Of Armed Forces At Sea,1949,NA,NA,NA - human rights,NA,Universal,Intergovernmental - Legally Binding,11
GDLACC_2009O,GDLACC_2009O,Guidelines For The Alternative Care Of Children,2009,United Nations ,Resolutions and Declarations on Child & Youth,NA,42,NA,NA,NA
GDNPID_1998O,GDNPID_1998O,Guiding Principles On Internal Displacement,1998,NA,NA,Guiding Principles,NA,Universal,Intergovernmental - Non-binding,106
GLBHFP_2011O,GLBHFP_2011O,Global Health And Foreign Policy,2011,United Nations ,Resolutions and Declarations on General Health,NA - law enforcement,62,NA,NA,NA
GLDPAH_2004S,GLDPAH_2004S,Global Strategy On Diet Physical Activity And Health,2004,World Health Organization ,Resolutions and Declarations on General Health,NA - health,24,NA,NA,NA
GLPCND_2000S,GLPCND_2000S,Global Strategy For The Prevention And Control Of Noncommunicable Diseases,2000,World Health Organization ,Resolutions and Declarations on General Health,NA - health,17,NA,NA,NA
GNRTPW_1949A,GNRTPW_1949A,Geneva Convention (3) Relative To The Treatment Of Prisoners Of War,1949,NA,NA,NA - human rights,NA,Universal,Intergovernmental - Legally Binding,12
GR04TW_1949A,GR04TW_1949A,Geneva Convention (4) Relative To The Protection Of Civilian Persons In Time Of War,1949,NA,NA,NA - human rights,NA,Universal,Intergovernmental - Legally Binding,13
GRCPDF_1990R,GRCPDF_1990R,Guidelines For The Regulation Of Computerized Personal Data Files,1990,NA,NA,NA - research,NA,Universal,Intergovernmental - Non-binding,73
HG06DL_1982A,HG06DL_1982A,HRC General Comment No 21 Article 10 (Humane Treatment Of Persons Deprived Of Their Liberty),1982,NA,NA,NA,NA,Universal,Intergovernmental - Non-binding,49
HG08TP_1992A,HG08TP_1992A,HRC General Comment No 20 Article 7 (Prohibition Of Torture Or Other Cruel Inhuman Or Degrading Treatment Or Punishment),1992,NA,NA,NA - human rights,NA,Universal,Intergovernmental - Non-binding,81
HLTHWS_2011O,HLTHWS_2011O,Health Workforce Strengthening,2011,World Health Organization ,Resolutions and Declarations on General Health,NA - health,54,NA,NA,NA
HLTPDA_2013O,HLTPDA_2013O,Health In The Post-2015 Development Agenda,2013,World Health Organization ,Resolutions and Declarations on General Health,NA - health,78,NA,NA,NA
HLTPDA_2014O,HLTPDA_2014O,Health In The Post-2015 Development Agenda,2014,World Health Organization ,Resolutions and Declarations on General Health,NA - health,90,NA,NA,NA
HLTPHL_2005O,HLTPHL_2005O,Health Promotion And Healthy Lifestyles,2005,World Health Organization ,Resolutions and Declarations on General Health,NA - health,32,NA,NA,NA
HMWIHW_1996A,HMWIHW_1996A,Convention Concerning Home Work (ILO Home Work Convention 1996 (No 177)),1996,NA,NA,NA,NA,Universal,Intergovernmental - Legally Binding,99
HP07MC_1979A,HP07MC_1979A,Convention Concerning Health Protection And Medical Care For Seafarers (ILO Health Protection And Medical Care (Seafarers) Convention 1987 (No 164)),1979,NA,NA,NA - health,NA,Universal,Intergovernmental - Legally Binding,41
HR05HR_4313R,HR05HR_4313R,Human Rights Council Resolution AHRCRES4313 Mental Health And Human Rights (2020),4313,United Nations Human Rights Council,Resolutions and Declarations on Mental Health,NA - human rights,108,NA,NA,NA
HRCGCA_1982O6:HG06DL_1982A,HRCGCA_1982O6:HG06DL_1982A,HRC General Comment No 6 Article 6 (Right To Life),1982,NA,NA,NA,NA,Universal,Intergovernmental - Non-binding,50
HRCGCA_XXXXO16:HG06DL_1982A,HRCGCA_XXXXO16:HG06DL_1982A,HRC General Comment No 16 Article 17 (Right To Privacy),XXXX,NA,NA,NA,NA,Universal,Intergovernmental - Legally Binding,147
IA04PD_1999A,IA04PD_1999A,Inter-American Convention On The Elimination Of All Forms Of Discrimination Against Persons With Disabilities,1999,NA,NA,NA - human rights,NA,Americas,Intergovernmental - Legally Binding,114
IA04VW_1994A,IA04VW_1994A,Inter-American Convention On The Prevention Punishment And Eradication Of Violence Against Women (Convention Of Belem Do Para),1994,NA,NA,NA,NA,Americas,Intergovernmental - Legally Binding,90
ICESCR_1966A,ICESCR_1966A,International Covenant On Economic Social And Cultural Rights (ICESCR),1966,NA,NA,NA - human rights,NA,Universal,Intergovernmental - Legally Binding,26
ID06HS_1996R2,ID06HS_1996R2,Istanbul Declaration And The Habitat Agenda Of The 2 United Nations Conference On Human Settlements (Habitat 2),1996,NA,NA,NA - environment,NA,Universal,Intergovernmental - Non-binding,101
IIPAAR_1991S,IIPAAR_1991S,Implementation Of The International Plan Of Action On Ageing And Related Activities,1991,United Nations ,Resolutions and Declarations on Older Persons,NA,11,NA,NA,NA
IMPIHR_2014R,IMPIHR_2014R,Implementation Of The International Health Regulations (2005),2014,World Health Organization ,Resolutions and Declarations on General Health,NA - health,89,NA,NA,NA
IMPLRC_1992A,IMPLRC_1992A,Implementation Of The Convention On The Rights Of The Child,1992,United Nations ,Resolutions and Declarations on Child & Youth,NA,12,NA,NA,NA
IMPLRC_1994A,IMPLRC_1994A,Implementation Of The Convention On The Rights Of The Child,1994,United Nations ,Resolutions and Declarations on Child & Youth,NA,14,NA,NA,NA
INAFDP_1994A,INAFDP_1994A,Inter-American Convention On Forced Disappearance Of Persons,1994,NA,NA,NA,NA,Americas,Intergovernmental - Legally Binding,89
INAPPT_1985A,INAPPT_1985A,Inter-American Convention To Prevent And Punish Torture,1985,NA,NA,NA - human rights,NA,Americas,Intergovernmental - Legally Binding,54
INCCPR_1966A,INCCPR_1966A,International Covenant On Civil And Political Rights (ICCPR),1966,NA,NA,NA - human rights,NA,Universal,Intergovernmental - Legally Binding,25
INEFRD_1965A,INEFRD_1965A,International Convention On The Elimination Of All Forms Of Racial Discrimination (CERD),1965,NA,NA,NA - human rights,NA,Universal,Intergovernmental - Legally Binding,24
INGHHR_1998O,INGHHR_1998O,International Guidelines On HIVAIDS And Human Rights,1998,NA,NA,NA - human rights,NA,Universal,Intergovernmental - Non-binding,107
INPPED_2006A,INPPED_2006A,International Convention For The Protection Of All Persons From Enforced Disappearance (CPED),2006,NA,NA,NA,NA,Universal,Intergovernmental - Legally Binding,141
INTRHR_2005R,INTRHR_2005R,International Health Regulations (2005),2005,NA,NA,NA - health,NA,Universal,Intergovernmental - Legally Binding,138
IP04MF_1990A,IP04MF_1990A,International Convention On The Protection Of The Rights Of All Migrant Workers And Members Of Their Families (ICRMW),1990,NA,NA,NA,NA,Universal,Intergovernmental - Non-binding,74
IPAARI_2005S,IPAARI_2005S,International Plan Of Action On Ageing Report On Implementation,2005,World Health Organization ,Resolutions and Declarations on Older Persons,NA,33,NA,NA,NA
IR05CH_2012R,IR05CH_2012R,Implementation Of The Recommendations Of The Commission On Information And Accountability For Womens And Childrens Health,2012,World Health Organization ,Resolutions and Declarations on Child & Youth,NA - research,70,NA,NA,NA
IR07WC_2013R,IR07WC_2013R,Implementation Of The Recommendations Of The United Nations Commission On Life-Saving Commodities For Women And Children,2013,World Health Organization ,Resolutions and Declarations on Child & Youth,NA,79,NA,NA,NA
IT06TP_1989A,IT06TP_1989A,Convention Concerning Indigenous And Tribal Peoples In Independent Countries (ILO Indigenous And Tribal Peoples Convention 1989 (No 169)),1989,NA,NA,NA - human rights,NA,Universal,Intergovernmental - Legally Binding,62
IW05SC_2003S20,IW05SC_2003S20,Implementation Of The World Programme Of Action Concerning Disabled Persons Towards A Society For All In The 20-1 Century,2003,United Nations ,Resolutions and Declarations on Disability,Century,22,NA,NA,NA
IW09PD_2005S,IW09PD_2005S,Implementation Of The World Programme Of Action Concerning Disabled Persons Realizing The Millennium Development Goals For Persons With Disabilities,2005,United Nations ,Resolutions and Declarations on Disability,NA - human rights,25,NA,NA,NA
IW09PD_2007S,IW09PD_2007S,Implementation Of The World Programme Of Action Concerning Disabled Persons Realizing The Millennium Development Goals For Persons With Disabilities,2007,United Nations Development Programme Fiji Multi- Country Office ,Resolutions and Declarations on Disability,NA - human rights,37,NA,NA,NA
JD05SD_2002R,JD05SD_2002R,Johannesburg Declaration And Plan Of Implementation Of The World Summit For Sustainable Development,2002,NA,NA,Summit,NA,Universal,Intergovernmental - Non-binding,128
MA04DG_2008O,MA04DG_2008O,Monitoring Of The Achievement Of The Health-related Millennium Development Goals,2008,World Health Organization ,Resolutions and Declarations on General Health,NA - health,39,NA,NA,NA
MA04DG_2010O,MA04DG_2010O,Monitoring Of The Achievement Of The Health-related Millennium Development Goals,2010,World Health Organization ,Resolutions and Declarations on General Health,NA - health,46,NA,NA,NA
MA04MA_1973A,MA04MA_1973A,Convention Concerning Minimum Age For Admission To Employment (ILO Minimum Age Convention 1973 (No 138)),1973,NA,NA,NA,NA,Universal,Intergovernmental - Legally Binding,30
MC06SB_1969A,MC06SB_1969A,Convention Concerning Medical Care And Sickness Benefits (ILO Medical Care And Sickness Benefits Convention 1969 (No 130)),1969,NA,NA,NA - health,NA,Universal,Intergovernmental - Legally Binding,29
MCICFD_2002R,MCICFD_2002R,Monterrey Consensus Of The International Conference On Financing For Development,2002,NA,NA,NA - finance,NA,Universal,Intergovernmental - Non-binding,129
MDESPP_1996R,MDESPP_1996R,Madrid Declaration On Ethical Standards For Psychiatric Practice,1996,NA,NA,Madrid Declaration,NA,Universal,"NGO, Professional Association and Other",102
MH05BS_2005R,MH05BS_2005R,Mental Health Declaration For Europe Facing The Challenges Building Solutions,2005,World Health Organization Europe ,Resolutions and Declarations on Mental Health,Europe - health,34,NA,NA,NA
MH05CR_2016R,MH05CR_2016R,Mental Health And Human Rights Resolution Of Human Rights Council And Associated Report (2016),2016,Human Rights Council; United Nations ,United Nations,NA - human rights,102,NA,NA,NA
MNHRCA_2002A,MNHRCA_2002A,Mental Health Responding To The Call For Action,2002,World Health Organization ,United Nations,NA - health,20,NA,NA,NA
MNSDDA_2013O28,MNSDDA_2013O28,201328 Mainstreaming Disability In The Development Agenda Towards 2015 And Beyond (2013),2013,ECOSOC,Resolutions and Declarations on Disability,NA,82,NA,NA,NA
MP07CR_2011O,MP07CR_2011O,Maastricht Principles On Extraterritorial Obligations Of States In The Area Of Economic Social And Cultural Rights,2011,NA,NA,NA - human rights,NA,Universal,"NGO, Professional Association and Other",146
MSCWDC_2011R,MSCWDC_2011R,Moscow Declaration,2011,World Health Organization ,Resolutions and Declarations on General Health,Moscow Declaration,61,NA,NA,NA
NCLRSF_1994A,NCLRSF_1994A,Convention On Nuclear Safety,1994,NA,NA,NA,NA,Universal,Intergovernmental - Non-binding,87
NGWINW_1990A,NGWINW_1990A,Convention Concerning Night Work (ILO Night Work Convention 1990 (No 171)),1990,NA,NA,NA,NA,Universal,Intergovernmental - Legally Binding,71
NRMBRC_1947O,NRMBRC_1947O,Nuremberg Code,1947,NA,NA,NA,NA,Universal,Intergovernmental - Non-binding,3
NWBHAP_2014A,NWBHAP_2014A,Newborn Health Action Plan,2014,World Health Organization ,Resolutions and Declarations on Child & Youth,NA - health,91,NA,NA,NA
OCCPHS_1985A,OCCPHS_1985A,Convention Concerning Occupational Health Services (ILO No 161),1985,NA,NA,NA - health,NA,Universal,Intergovernmental - Legally Binding,53
OCCPSH_2002P15,OCCPSH_2002P15,Protocol To The Occupational Safety And Health Convention (ILO No 155),2002,NA,NA,NA - health,NA,Universal,Intergovernmental - Legally Binding,131
OD13CD_2014O,OD13CD_2014O,Outcome Document Of The High-level Meeting Of The General Assembly On The Comprehensive Review And Assessment Of The Progress Achieved In The Prevention And Control Of Non-communicable Diseases,2014,United Nations ,Resolutions and Declarations on General Health,NA - health,87,NA,NA,NA
OI07DP_1989P2,OI07DP_1989P2,2 Optional Protocol To The International Covenant On Civil And Political Rights Aiming At The Abolition Of The Death Penalty,1989,NA,NA,NA - human rights,NA,Universal,Intergovernmental - Legally Binding,66
OPTNRC_2000P,OPTNRC_2000P,Optional Protocols To The Convention On The Rights Of The Child,2000,United Nations ,Resolutions and Declarations on Child & Youth,NA,16,NA,NA,NA
OR06CP_2000P,OR06CP_2000P,Optional Protocol To The Convention On The Rights Of The Child On The Sale Of Children Child Prostitution And Child Pornography (OP-CRC-SC),2000,NA,NA,NA,NA,Universal,Intergovernmental - Legally Binding,119
OS06SH_1979A,OS06SH_1979A,Convention Concerning Occupational Safety And Health In Dock Work (ILO Occupational Safety And Health (Dock Work) Convention 1979 (No 152)),1979,NA,NA,NA - health,NA,Universal,Intergovernmental - Legally Binding,42
OS08WE_1981A,OS08WE_1981A,Convention Concerning Occupational Safety And Health And The Working Environment (ILO Convention Concerning Occupational Safety And Health And The Working Environment (No 155)),1981,NA,NA,NA - environment,NA,Universal,Intergovernmental - Legally Binding,47
PA05FI_1999S,PA05FI_1999S,Programme Of Action Of The International Conference On Population And Development (1994) Follow-up ICPD5,1999,NA,NA,NA,NA,Universal,Intergovernmental - Non-binding,115
PA07WC_1994S,PA07WC_1994S,Plan Of Action For The Elimination Of Harmful Traditional Practices Affecting The Health Of Women And Children,1994,NA,NA,NA - health,NA,Universal,Intergovernmental - Non-binding,91
PA09CL_1999A,PA09CL_1999A,Convention Concerning The Prohibition And Immediate Action For The Elimination Of The Worst Forms Of Child Labour (ILO Worst Forms Of Child Labour Convention 1999 (No 182)),1999,NA,NA,NA,NA,Universal,Intergovernmental - Legally Binding,113
PAICPD_1994S,PAICPD_1994S,Programme Of Action Of The International Conference On Population And Development,1994,NA,NA,NA,NA,Universal,Intergovernmental - Non-binding,92
PCNDIG_2007S,PCNDIG_2007S,Prevention And Control Of Noncommunicable Diseases Implementation Of The Global Strategy,2007,World Health Organization ,Resolutions and Declarations on General Health,NA - health,38,NA,NA,NA
PCNDIG_2008S,PCNDIG_2008S,Prevention And Control Of Noncommunicable Diseases Implementation Of The Global Strategy,2008,World Health Organization ,Resolutions and Declarations on General Health,NA - health,40,NA,NA,NA
PD07AA_2002R2,PD07AA_2002R2,Political Declaration And Madrid International Plan Of Action On Ageing Of The 2 World Assembly On Ageing,2002,NA,NA,Madrid,NA,Universal,Intergovernmental - Non-binding,130
PD08CD_2011R,PD08CD_2011R,Political Declaration Of The High-level Meeting Of The General Assembly On The Prevention And Control Of Non-communicable Diseases,2011,United Nations ,Resolutions and Declarations on General Health,NA - health,53,NA,NA,NA
PD12HW_2019R,PD12HW_2019R,Political Declaration Of The High-level Meeting On Universal Health Coverage Universal Health Coverage Moving Together To Build A Healthier World,2019,United Nations ,Resolutions and Declarations on General Health,NA - health,104,NA,NA,NA
PD12HW_2019R,PD12HW_2019R,Political Declaration For The UN High-Level Meeting On Universal Health Coverage (HLM UHC) Universal Health Coverage Moving Together To Build A Healthier World 2019,2019,United Nations,Resolutions and Declarations on General Health,NA - health,105,NA,NA,NA
PE06SE_1989O,PE06SE_1989O,Principles On The Effective Prevention And Investigation Of Extra-legal Arbitrary And Summary Executions,1989,NA,NA,NA - law enforcement,NA,Universal,Intergovernmental - Non-binding,65
PF08SH_2006A,PF08SH_2006A,Convention Concerning The Promotional Framework For Occupational Safety And Health (ILO Promotional Framework For Occupational Safety And Health Convention (No 187)),2006,NA,NA,NA - health,NA,Universal,Intergovernmental - Legally Binding,139
PH05HR_1950A,PH05HR_1950A,Convention For The Protection Of Human Rights And Fundamental Freedoms (European Convention On Human Rights (ECHR)),1950,NA,NA,NA - human rights,NA,Europe,Intergovernmental - Legally Binding,14
PH08DH_2018O3,PH08DH_2018O3,Preparation For The 3 High-level Meeting Of The General Assembly On The Prevention And Control Of Non-communicable Diseases To Be Held In 2018,2018,SEVENTY-FIRST WORLD HEALTH ASSEMBLY ,Resolutions and Declarations on General Health,NA - health,103,NA,NA,NA
PH09RB_1997A,PH09RB_1997A,Convention For The Protection Of Human Rights And Dignity Of The Human Being With Regard To The Application Of Biology And Medicine Convention On Human Rights And Biomedicine,1997,NA,NA,NA - human rights,NA,Europe,Intergovernmental - Legally Binding,103
PH11MC_2011O,PH11MC_2011O,Preparations For The High-level Meeting Of The United Nations General Assembly On The Prevention And Control Of Non-communicable Diseases Following On The Moscow Conference,2011,World Health Organization ,Resolutions and Declarations on General Health,Moscow - health,59,NA,NA,NA
PHPCHA_2005O,PHPCHA_2005O,Public-health Problems Caused By Harmful Use Of Alcohol,2005,World Health Organization ,Resolutions and Declarations on Alcohol and Substance Use,NA - health,31,NA,NA,NA
PM14TP_1982A,PM14TP_1982A,Principles Of Medical Ethics Relevant To The Role Of Health Personnel Particularly Physicians In The Protection Of Prisoners And Detainees Against Torture And Other Cruel Inhuman Or Degrading Treatment Or Punishment,1982,NA,NA,NA - human rights,NA,Universal,Intergovernmental - Non-binding,51
PP06HC_1991S,PP06HC_1991S,Principles For The Protection Of Persons With Mental Illness And The Improvement Of Mental Health Care (MI Principles),1991,NA,NA,NA - health,NA,Universal,Intergovernmental - Non-binding,76
PRCLMA_1992R,PRCLMA_1992R,Proclamation On Ageing,1992,United Nations ,Resolutions and Declarations on Older Persons,NA,13,NA,NA,NA
PRCLMT_1968R,PRCLMT_1968R,Proclamation Of The Teheran 1968,1968,NA,NA,NA,NA,Universal,Intergovernmental - Non-binding,27
PRMBTD_1980P,PRMBTD_1980P,Protocol On Prohibitions Or Restrictions On The Use Of Mines Booby-Traps And Other Devices,1980,NA,NA,NA - human rights,NA,Universal,Intergovernmental - Legally Binding,44
PRMNPD_1986O,PRMNPD_1986O,Prevention Of Mental Neurological And Psychosocial Disorders,1986,World Health Organization ,Resolutions and Declarations on Mental Health,NA,10,NA,NA,NA
PRMTMH_1975O,PRMTMH_1975O,Promotion Of Mental Health,1975,World Health Organization ,Resolutions and Declarations on Mental Health,NA - health,3,NA,NA,NA
PRVCCD_2010O,PRVCCD_2010O,Prevention And Control Of Non-communicable Diseases,2010,United Nations ,Resolutions and Declarations on General Health,NA - health,47,NA,NA,NA
PRVCND_2011O,PRVCND_2011O,Prevention And Control Of Noncommunicable Diseases,2011,United Nations ,Resolutions and Declarations on General Health,NA - health,60,NA,NA,NA
PRVPCG_1948A,PRVPCG_1948A,Convention On The Prevention And Punishment Of The Crime Of Genocide,1948,NA,NA,NA - human rights,NA,Universal,Intergovernmental - Legally Binding,6
PSYCFH_1976A,PSYCFH_1976A,Psychosocial Factors And Health,1976,World Health Organization ,Resolutions and Declarations on General Health,NA - health,4,NA,NA,NA
PW11WE_1977A,PW11WE_1977A,Convention Concerning The Protection Of Workers Against Occupational Hazards In The Working Environment Due To Air Pollution Noise And Vibration (ILO Working Environment Convention 1977 (No 148)),1977,NA,NA,NA - environment,NA,Universal,Intergovernmental - Legally Binding,36
RD07ED_1992R21,RD07ED_1992R21,Rio Declaration On Environment And Development And Agenda 21 Of The United Nations Conference On Environment And Development,1992,NA,NA,NA - environment,NA,Universal,Intergovernmental - Non-binding,83
RDCLED_1992R,RDCLED_1992R,Rio Declaration On Environment And Development,1992,NA,NA,NA - environment,NA,Universal,Intergovernmental - Non-binding,82
RGCIRC_2015O,RGCIRC_2015O,Rights Of The Child Towards Better Investment In The Rights Of The Child,2015,Human Rights Council ,Resolutions and Declarations on Child & Youth,NA,99,NA,NA,NA
RGHTPD_2006A,RGHTPD_2006A,Convention On The Rights Of Persons With Disabilities (CRPD),2006,NA,NA,NA - human rights,NA,Universal,Intergovernmental - Legally Binding,140
RGHTSC_1989A,RGHTSC_1989A,Convention On The Rights Of The Child (CRC),1989,NA,NA,NA,NA,Universal,Intergovernmental - Legally Binding,63
RLTNSR_1951A,RLTNSR_1951A,Convention Relating To The Status Of Refugees,1951,NA,NA,NA - human rights,NA,Universal,Intergovernmental - Legally Binding,15
RMDGPD_2010O,RMDGPD_2010O,Realizing The Millennium Development Goals For Persons With Disabilities,2010,United Nations ,Resolutions and Declarations on Disability,NA - human rights,48,NA,NA,NA
RMDGPD_2011O6,RMDGPD_2011O6,65186 Realizing The Millennium Development Goals For Persons With Disabilities Towards 2015 And Beyond (2011),2011,General Assembly ,Resolutions and Declarations on Disability,NA - human rights,63,NA,NA,NA
RMSICC_1998A,RMSICC_1998A,Rome Statute Of The International Criminal Court (ICC),1998,NA,NA,NA - law enforcement,NA,Universal,Intergovernmental - Legally Binding,108
RMTPMH_1978S,RMTPMH_1978S,Review Of The Medium-term Programme For Mental Health,1978,World Health Organization ,Resolutions and Declarations on Mental Health,NA - health,6,NA,NA,NA
SC07DD_2012R8,SC07DD_2012R8,Resolution SEARC65R8 Comprehensive And Coordinated Efforts For The Management Of Autism Spectrum Disorders (ASD) And Developmental Disabilities,2012,WHO South-East Asia Regional Office ,Autism Spectrum Disorder,NA - human rights,69,NA,NA,NA
SFCWIC_1990A,SFCWIC_1990A,Convention Concerning Safety In The Use Of Chemicals At Work (ILO Chemicals Convention 1990 (No 170)),1990,NA,NA,NA - waste,NA,Universal,Intergovernmental - Legally Binding,72
SH04HC_1988A,SH04HC_1988A,Convention Concerning Safety And Health In Construction (ILO Safety And Health In Construction Convention 1988 (No 167)),1988,NA,NA,NA - health,NA,Universal,Intergovernmental - Legally Binding,60
SH04HM_1995A,SH04HM_1995A,Convention Concerning Safety And Health In Mines (ILO Safety And Health In Mines Convention 1995 (No 176)),1995,NA,NA,NA - human rights,NA,Universal,Intergovernmental - Legally Binding,96
SH06HS_2011O,SH06HS_2011O,Strengthening National Health Emergency And Disaster Management Capacities And Resilience Of Health Systems,2011,World Health Organization ,Resolutions and Declarations on General Health,NA - health,64,NA,NA,NA
SM08CD_2014O,SM08CD_2014O,Scope And Modalities Of The Comprehensive Review And Assessment Of The Progress Achieved In The Prevention And Control Of Non-communicable Diseases,2014,United Nations ,Resolutions and Declarations on General Health,NA - health,95,NA,NA,NA
SN04AA_2012A,SN04AA_2012A,Strengthening Noncommunicable Disease Policies To Promote Active Ageing,2012,World Health Organization ,Resolutions and Declarations on General Health,NA - health,71,NA,NA,NA
SP05PP_2011S,SP05PP_2011S,Strengthening National Policy Dialogue To Build More Robust Health Policies Strategies And Plans,2011,World Health Organization ,Resolutions and Declarations on General Health,NA - law enforcement,55,NA,NA,NA
SPTPEP_1949A,SPTPEP_1949A,Convention For The Suppression Of The Traffic In Persons And Of The Exploitation Of The Prostitution Of Others,1949,NA,NA,NA,NA,Universal,Intergovernmental - Legally Binding,9
SREOPD_1993R,SREOPD_1993R,Standard Rules On The Equalization Of Opportunities For Persons With Disabilities,1993,NA,NA,NA - human rights,NA,Universal,Intergovernmental - Non-binding,84
SS09HA_2014A,SS09HA_2014A,SEARC67R4 South East Asia Regional Action Plan To Implement Global Strategy To Reduce Harmful Use Of Alcohol (2014-2025),2014,Regional Office for South-East Asia ,Resolutions and Declarations on Alcohol and Substance Use,South East Asia,85,NA,NA,NA
STMRTP_1955R,STMRTP_1955R,Standard Minimum Rules For The Treatment Of Prisoners,1955,NA,NA,NA,NA,Universal,Intergovernmental - Non-binding,19
STRAHA_2005A,STRAHA_2005A,Strengthening Active And Healthy Ageing,2005,World Health Organization ,Resolutions and Declarations on Older Persons,NA,29,NA,NA,NA
STRNMH_2002O,STRNMH_2002O,Strengthening Mental Health,2002,World Health Organization ,United Nations,NA - health,21,NA,NA,NA
TCIDTP_1984A,TCIDTP_1984A,Convention Against Torture And Other Cruel Inhuman Or Degrading Treatment Or Punishment (CAT),1984,NA,NA,NA - human rights,NA,Universal,Intergovernmental - Legally Binding,52
TI13DT_1960A,TI13DT_1960A,Agreement On The Temporary Importation Free Of Duty Of Medical Surgical And Laboratory Equipment For Use On Free Loan In Hospitals And Other Medical Institutions For Purposes Of Diagnosis Or Treatment,1960,NA,NA,NA - finance,NA,Europe,Intergovernmental - Legally Binding,22
UDHGHR_1997R,UDHGHR_1997R,Universal Declaration On The Human Genome And Human Rights,1997,NA,NA,NA - human rights,NA,Universal,Intergovernmental - Non-binding,104
UN04DL_XXXXR,UN04DL_XXXXR,United Nations Rules For The Protection Of Juveniles Deprived Of Their Liberty,XXXX,NA,NA,NA,NA,Universal,Intergovernmental - Legally Binding,148
UN05JJ_XXXXR,UN05JJ_XXXXR,United Nations Standard Minimum Rules For The Administration Of Juvenile Justice,XXXX,NA,NA,NA,NA,Universal,Intergovernmental - Legally Binding,149
UNDEHM_1974R,UNDEHM_1974R,Universal Declaration On The Eradication Of Hunger And Malnutrition,1974,NA,NA,NA,NA,Universal,Intergovernmental - Non-binding,32
UNNPOP_1991O,UNNPOP_1991O,United Nations Principles For Older Persons,1991,NA,NA,NA,NA,Universal,Intergovernmental - Non-binding,77
UNTNMD_2000R,UNTNMD_2000R,United Nations Millennium Declaration,2000,NA,NA,NA,NA,Universal,Intergovernmental - Non-binding,120
UNVDHR_1948R,UNVDHR_1948R,Universal Declaration Of Human Rights,1948,NA,NA,NA - human rights,NA,Universal,Intergovernmental - Non-binding,7
VD06HR_1993R,VD06HR_1993R,Vienna Declaration And Programme Of Action Adopted By The World Conference On Human Rights,1993,NA,NA,NA - human rights,NA,Universal,Intergovernmental - Non-binding,85
WC05SD_2014O78,WC05SD_2014O78,WHA678 Comprehensive And Coordinated Efforts For The Management Of Autism Spectrum Disorders,2014,World Health Assembly ,Resolutions and Declarations on Child & Youth,NA,94,NA,NA,NA
WC06MT_1955A,WC06MT_1955A,Agreement On The Exchange Of War Cripples Between Member Countries Of The Council Of Europe With A View To Medical Treatment,1955,NA,NA,Europe - trade,NA,Europe,Intergovernmental - Legally Binding,18
WCMHAP_2013R68,WCMHAP_2013R68,Resolution WHA668 Comprehensive Mental Health Action Plan 2013-2020,2013,World Health Organization ,Resolutions and Declarations on Mental Health,NA - health,72,NA,NA,NA
WCMHAP_2013R72,WCMHAP_2013R72,Resolution WHA72 Comprehensive Mental Health Action Plan 2013-2030,2013,World Health Organization,Resolutions and Declarations on Mental Health,NA - health,73,NA,NA,NA
WD12DT_1994R,WD12DT_1994R,WMA Declaration Of Hamburg Concerning Support For Medical Doctors Refusing To Participate In Or To Condone The Use Of Torture Or Other Forms Of Cruel Inhuman Or Degrading Treatment,1994,NA,NA,NA - human rights,NA,Universal,"NGO, Professional Association and Other",93
WG10CL_2012R54,WG10CL_2012R54,Resolution WHA654 On The Global Burden Of Mental Disorders And The Need For A Comprehensive Coordinated Response From Health And Social Sectors At The Country Level,2012,World Health Organization ,Resolutions and Declarations on Mental Health,NA - health,65,NA,NA,NA
WHDSBL_2013O69,WHDSBL_2013O69,WHA669 Disability,2013,World Health Organization ,Resolutions and Declarations on Disability,NA,76,NA,NA,NA
WHDSBL_2013O69,WHDSBL_2013O69,WHA669 On Disability (May 2013),2013,World Health Organization; World Health Organization ,Resolutions and Declarations on Disability,NA,77,NA,NA,NA
WHDSBL_2014O77,WHDSBL_2014O77,WHA677 Disability (2014),2014,World Health Assembly ,disability,NA,93,NA,NA,NA
WHGRHA_2010S,WHGRHA_2010S,WHA6313 Global Strategy To Reduce The Harmful Use Of Alcohol,2010,World Health Organization ,Resolutions and Declarations on Alcohol and Substance Use,NA,49,NA,NA,NA
WHRDHA_2008O14,WHRDHA_2008O14,WHA614 Strategies To Reduce The Harmful Use Of Alcohol,2008,World Health Organization ,Resolutions and Declarations on Alcohol and Substance Use,NA,41,NA,NA,NA
WM04CP_1981R,WM04CP_1981R,World Medical Association Resolution On Physician Participation In Capital Punishment (revised In 2008),1981,NA,NA,NA - health,NA,Universal,"NGO, Professional Association and Other",48
WM04WP_2014R55,WM04WP_2014R55,Resolution WPRRC655 Mental Health (Regional Office Of The Western Pacific 2014),2014,"Western Pacific Region, World Health Organization ",Resolutions and Declarations on Mental Health,NA - health,86,NA,NA,NA
WR11DG_2011O,WR11DG_2011O,WHOs Role In The Follow-up To The United Nations High-level Plenary Meeting Of The General Assembly On The Millennium Development Goals (New York September 2010),2011,World Health Organization ,Resolutions and Declarations on General Health,NA,56,NA,NA,NA
WRMADE_1987R,WRMADE_1987R,World Medical Association Declaration On Euthanasia (reaffirmed In 2005),1987,NA,NA,NA - health,NA,Universal,"NGO, Professional Association and Other",57
WRMADH_1964R,WRMADH_1964R,World Medical Association Declaration Of Helsinki,1964,NA,NA,NA - health,NA,Universal,Intergovernmental - Non-binding,23
WRRPNM_2011O,WRRPNM_2011O,Working Towards The Reduction Of Perinatal And Neonatal Mortality,2011,World Health Organization ,Resolutions and Declarations on Child & Youth,NA,57,NA,NA,NA
YTHHLR_2011O,YTHHLR_2011O,Youth And Health Risks,2011,World Health Organization ,Resolutions and Declarations on Child & Youth,NA - health,58,NA,NA,NA